2026-06-23 02:17:22,763 - INFO - PDF written: C:/Users/Adrian PG/Downloads/Emergency Care and Transportation of the Sick and Injured -- American Academy of Orthopaedic Surgeons (AAOS) Staff -- 12, 2021-02-19 -- Jones & -- isbn13 9781284204308 -- 26b31ec1f824ded4cfd04ef636f06144 -- An.pdf
2026-06-23 02:43:28,518 - INFO - [  0%] Validating…
2026-06-23 02:43:29,149 - INFO - [  3%] Opening EPUB…
2026-06-23 02:43:29,229 - INFO - [  6%] Extracting images…
2026-06-23 02:43:30,121 - INFO - [ 41%] Rendering chapter 1 of 3…
2026-06-23 02:43:30,416 - ERROR - epub_to_pdf failed: 
identity=[ImageReader@0x2771caae710 filename='C:\\Users\\ADRIAN~1\\AppData\\Local\\Temp\\conv_epub2pdf_97bm0bmn\\img_0_dot.png'] broken data stream when reading image file
Traceback (most recent call last):
  File "C:\Users\Adrian PG\OneDrive\Desktop\general keep up\study application\.venv\Lib\site-packages\reportlab\lib\utils.py", line 722, in getRGBData
    self._dataA = ImageReader(im.split()[3 if mode=='RGBA' else 1])
                              ~~~~~~~~^^
  File "C:\Users\Adrian PG\OneDrive\Desktop\general keep up\study application\.venv\Lib\site-packages\PIL\Image.py", line 2793, in split
    self.load()
    ~~~~~~~~~^^
  File "C:\Users\Adrian PG\OneDrive\Desktop\general keep up\study application\.venv\Lib\site-packages\PIL\ImageFile.py", line 431, in load
    raise _get_oserror(err_code, encoder=False)
OSError: broken data stream when reading image file

During handling of the above exception, another exception occurred:

Traceback (most recent call last):
  File "C:\Users\Adrian PG\OneDrive\Desktop\general keep up\study application\converter\converter.py", line 188, in epub_to_pdf
    ok = _epub_to_pdf_streaming(
        epub_path, tmp_out, opts, work_dir, progress_callback, cancel_callback
    )
  File "C:\Users\Adrian PG\OneDrive\Desktop\general keep up\study application\converter\converter.py", line 294, in _epub_to_pdf_streaming
    _build_chapter_pdf(
    ~~~~~~~~~~~~~~~~~~^
        ch_title, blocks, part_path, styles, margin, image_paths if include_images else {}
        ^^^^^^^^^^^^^^^^^^^^^^^^^^^^^^^^^^^^^^^^^^^^^^^^^^^^^^^^^^^^^^^^^^^^^^^^^^^^^^^^^^
    )
    ^
  File "C:\Users\Adrian PG\OneDrive\Desktop\general keep up\study application\converter\converter.py", line 438, in _build_chapter_pdf
    doc.build(story)
    ~~~~~~~~~^^^^^^^
  File "C:\Users\Adrian PG\OneDrive\Desktop\general keep up\study application\.venv\Lib\site-packages\reportlab\platypus\doctemplate.py", line 1322, in build
    BaseDocTemplate.build(self,flowables, canvasmaker=canvasmaker)
    ~~~~~~~~~~~~~~~~~~~~~^^^^^^^^^^^^^^^^^^^^^^^^^^^^^^^^^^^^^^^^^
  File "C:\Users\Adrian PG\OneDrive\Desktop\general keep up\study application\.venv\Lib\site-packages\reportlab\platypus\doctemplate.py", line 1083, in build
    self.handle_flowable(flowables)
    ~~~~~~~~~~~~~~~~~~~~^^^^^^^^^^^
  File "C:\Users\Adrian PG\OneDrive\Desktop\general keep up\study application\.venv\Lib\site-packages\reportlab\platypus\doctemplate.py", line 932, in handle_flowable
    if frame.add(f, canv, trySplit=self.allowSplitting):
       ~~~~~~~~~^^^^^^^^^^^^^^^^^^^^^^^^^^^^^^^^^^^^^^^
  File "C:\Users\Adrian PG\OneDrive\Desktop\general keep up\study application\.venv\Lib\site-packages\reportlab\platypus\frames.py", line 201, in _add
    flowable.drawOn(canv, self._x + self._leftExtraIndent, y, _sW=aW-w)
    ~~~~~~~~~~~~~~~^^^^^^^^^^^^^^^^^^^^^^^^^^^^^^^^^^^^^^^^^^^^^^^^^^^^
  File "C:\Users\Adrian PG\OneDrive\Desktop\general keep up\study application\.venv\Lib\site-packages\reportlab\platypus\flowables.py", line 112, in drawOn
    self._drawOn(canvas)
    ~~~~~~~~~~~~^^^^^^^^
  File "C:\Users\Adrian PG\OneDrive\Desktop\general keep up\study application\.venv\Lib\site-packages\reportlab\platypus\flowables.py", line 93, in _drawOn
    self.draw()#this is the bit you overload
    ~~~~~~~~~^^
  File "C:\Users\Adrian PG\OneDrive\Desktop\general keep up\study application\.venv\Lib\site-packages\reportlab\platypus\flowables.py", line 528, in draw
    self.canv.drawImage(    self._img or self.filename,
    ~~~~~~~~~~~~~~~~~~~^^^^^^^^^^^^^^^^^^^^^^^^^^^^^^^^
                            dx,
                            ^^^
    ...<3 lines>...
                            mask=self._mask,
                            ^^^^^^^^^^^^^^^^
                            )
                            ^
  File "C:\Users\Adrian PG\OneDrive\Desktop\general keep up\study application\.venv\Lib\site-packages\reportlab\pdfgen\canvas.py", line 984, in drawImage
    rawdata = image.getRGBData()
  File "C:\Users\Adrian PG\OneDrive\Desktop\general keep up\study application\.venv\Lib\site-packages\reportlab\lib\utils.py", line 737, in getRGBData
    annotateException('\nidentity=%s'%self.identity())
    ~~~~~~~~~~~~~~~~~^^^^^^^^^^^^^^^^^^^^^^^^^^^^^^^^^
  File "C:\Users\Adrian PG\OneDrive\Desktop\general keep up\study application\.venv\Lib\site-packages\reportlab\lib\utils.py", line 1190, in annotateException
    rl_reraise(t,t(sep.join((_ for _ in (msg,str(v),postMsg) if _))),b)
    ~~~~~~~~~~^^^^^^^^^^^^^^^^^^^^^^^^^^^^^^^^^^^^^^^^^^^^^^^^^^^^^^^^^
  File "C:\Users\Adrian PG\OneDrive\Desktop\general keep up\study application\.venv\Lib\site-packages\reportlab\lib\utils.py", line 138, in rl_reraise
    raise v.with_traceback(b)
  File "C:\Users\Adrian PG\OneDrive\Desktop\general keep up\study application\.venv\Lib\site-packages\reportlab\lib\utils.py", line 722, in getRGBData
    self._dataA = ImageReader(im.split()[3 if mode=='RGBA' else 1])
                              ~~~~~~~~^^
  File "C:\Users\Adrian PG\OneDrive\Desktop\general keep up\study application\.venv\Lib\site-packages\PIL\Image.py", line 2793, in split
    self.load()
    ~~~~~~~~~^^
  File "C:\Users\Adrian PG\OneDrive\Desktop\general keep up\study application\.venv\Lib\site-packages\PIL\ImageFile.py", line 431, in load
    raise _get_oserror(err_code, encoder=False)
OSError: 
identity=[ImageReader@0x2771caae710 filename='C:\\Users\\ADRIAN~1\\AppData\\Local\\Temp\\conv_epub2pdf_97bm0bmn\\img_0_dot.png'] broken data stream when reading image file
2026-06-23 02:43:30,536 - INFO - [  0%] Validating…
2026-06-23 02:43:30,536 - ERROR - Input file not found: C:\Users\ADRIAN~1\AppData\Local\Temp\conv_smoke_9f12igrh\out.pdf
2026-06-23 02:43:30,537 - INFO - [  0%] Validating…
2026-06-23 02:43:30,537 - ERROR - Input file not found: C:\Users\ADRIAN~1\AppData\Local\Temp\conv_smoke_9f12igrh\out.pdf
2026-06-23 02:43:30,538 - INFO - [  0%] Validating…
2026-06-23 02:43:30,539 - ERROR - Input file not found: C:\Users\ADRIAN~1\AppData\Local\Temp\conv_smoke_9f12igrh\nope.epub
2026-06-23 02:44:46,618 - INFO - [  0%] Validating…
2026-06-23 02:44:46,622 - INFO - [  3%] Opening EPUB…
2026-06-23 02:44:46,668 - INFO - [  6%] Extracting images…
2026-06-23 02:44:47,259 - INFO - [ 41%] Rendering chapter 1 of 3…
2026-06-23 02:44:47,285 - INFO - [ 68%] Rendering chapter 2 of 3…
2026-06-23 02:44:47,294 - INFO - [ 95%] Rendering chapter 3 of 3…
2026-06-23 02:44:47,301 - INFO - [ 96%] Assembling PDF…
2026-06-23 02:44:47,780 - INFO - [100%] Done
2026-06-23 02:44:47,780 - INFO - PDF written: C:\Users\ADRIAN~1\AppData\Local\Temp\conv_smoke_oa64fozp\out.pdf
2026-06-23 02:44:47,790 - INFO - [  0%] Validating…
2026-06-23 02:44:47,794 - INFO - [  3%] Opening PDF…
2026-06-23 02:44:47,861 - INFO - [ 22%] Converting page 1 of 5…
2026-06-23 02:44:47,867 - INFO - [ 39%] Converting page 2 of 5…
2026-06-23 02:44:47,872 - INFO - [ 56%] Converting page 3 of 5…
2026-06-23 02:44:47,884 - INFO - [ 73%] Converting page 4 of 5…
2026-06-23 02:44:47,888 - INFO - [ 90%] Converting page 5 of 5…
2026-06-23 02:44:47,888 - INFO - [ 92%] Writing EPUB…
2026-06-23 02:44:47,900 - INFO - [100%] Done
2026-06-23 02:44:47,901 - INFO - EPUB written: C:\Users\ADRIAN~1\AppData\Local\Temp\conv_smoke_oa64fozp\roundtrip.epub
2026-06-23 02:44:47,944 - INFO - [  0%] Validating…
2026-06-23 02:44:47,946 - ERROR - Expected a .epub file: C:\Users\ADRIAN~1\AppData\Local\Temp\conv_smoke_oa64fozp\out.pdf
2026-06-23 02:50:47,888 - INFO - [  0%] Validating…
2026-06-23 02:50:47,890 - ERROR - Input file not found: C:\Users\Adrian PG\AppData\Local\Temp\pytest-of-Adrian PG\pytest-134\test_missing_input_returns_fal0\nope.epub
2026-06-23 02:50:47,891 - INFO - [  0%] Validating…
2026-06-23 02:50:47,891 - ERROR - Input file not found: C:\Users\Adrian PG\AppData\Local\Temp\pytest-of-Adrian PG\pytest-134\test_missing_input_returns_fal0\nope.pdf
2026-06-23 02:50:48,625 - INFO - [  0%] Validating…
2026-06-23 02:50:48,626 - ERROR - Expected a .epub file: C:\Users\Adrian PG\AppData\Local\Temp\pytest-of-Adrian PG\pytest-134\test_wrong_extension_returns_f0\sample.pdf
2026-06-23 02:50:48,626 - INFO - [  0%] Validating…
2026-06-23 02:50:48,627 - ERROR - Expected a .pdf file: C:\Users\Adrian PG\AppData\Local\Temp\pytest-of-Adrian PG\pytest-134\test_wrong_extension_returns_f0\sample.epub
2026-06-23 02:50:48,637 - INFO - [  0%] Validating…
2026-06-23 02:50:48,638 - ERROR - Input file is empty: C:\Users\Adrian PG\AppData\Local\Temp\pytest-of-Adrian PG\pytest-134\test_empty_input_returns_false0\empty.epub
2026-06-23 02:50:48,656 - INFO - [  0%] Validating…
2026-06-23 02:50:48,658 - ERROR - Output directory does not exist: C:\Users\Adrian PG\AppData\Local\Temp\pytest-of-Adrian PG\pytest-134\test_bad_output_dir_returns_fa0\does\not\exist
2026-06-23 02:50:48,674 - INFO - [  0%] Validating…
2026-06-23 02:50:48,678 - INFO - [  3%] Opening EPUB…
2026-06-23 02:50:48,718 - INFO - [  6%] Extracting images…
2026-06-23 02:50:49,311 - INFO - [ 41%] Rendering chapter 1 of 3…
2026-06-23 02:50:49,327 - INFO - [ 68%] Rendering chapter 2 of 3…
2026-06-23 02:50:49,337 - INFO - [ 95%] Rendering chapter 3 of 3…
2026-06-23 02:50:49,345 - INFO - [ 96%] Assembling PDF…
2026-06-23 02:50:49,547 - INFO - [100%] Done
2026-06-23 02:50:49,547 - INFO - PDF written: C:\Users\Adrian PG\AppData\Local\Temp\pytest-of-Adrian PG\pytest-134\test_epub_to_pdf_produces_vali0\out.pdf
2026-06-23 02:50:49,614 - INFO - [  0%] Validating…
2026-06-23 02:50:49,617 - INFO - [  3%] Opening PDF…
2026-06-23 02:50:49,669 - INFO - [ 90%] Converting page 1 of 1…
2026-06-23 02:50:49,669 - INFO - [ 92%] Writing EPUB…
2026-06-23 02:50:49,678 - INFO - [100%] Done
2026-06-23 02:50:49,678 - INFO - EPUB written: C:\Users\Adrian PG\AppData\Local\Temp\pytest-of-Adrian PG\pytest-134\test_pdf_to_epub_produces_vali0\out.epub
2026-06-23 02:50:49,737 - INFO - [  0%] Validating…
2026-06-23 02:50:49,740 - INFO - [  3%] Opening EPUB…
2026-06-23 02:50:49,779 - INFO - [  6%] Extracting images…
2026-06-23 02:50:49,797 - INFO - [ 41%] Rendering chapter 1 of 3…
2026-06-23 02:50:49,811 - INFO - [ 68%] Rendering chapter 2 of 3…
2026-06-23 02:50:49,820 - INFO - [ 95%] Rendering chapter 3 of 3…
2026-06-23 02:50:49,825 - INFO - [ 96%] Assembling PDF…
2026-06-23 02:50:49,971 - INFO - [100%] Done
2026-06-23 02:50:49,971 - INFO - PDF written: C:\Users\Adrian PG\AppData\Local\Temp\pytest-of-Adrian PG\pytest-134\test_round_trip_preserves_imag0\mid.pdf
2026-06-23 02:50:49,979 - INFO - [  0%] Validating…
2026-06-23 02:50:49,982 - INFO - [  3%] Opening PDF…
2026-06-23 02:50:50,012 - INFO - [ 22%] Converting page 1 of 5…
2026-06-23 02:50:50,018 - INFO - [ 39%] Converting page 2 of 5…
2026-06-23 02:50:50,023 - INFO - [ 56%] Converting page 3 of 5…
2026-06-23 02:50:50,030 - INFO - [ 73%] Converting page 4 of 5…
2026-06-23 02:50:50,033 - INFO - [ 90%] Converting page 5 of 5…
2026-06-23 02:50:50,033 - INFO - [ 92%] Writing EPUB…
2026-06-23 02:50:50,045 - INFO - [100%] Done
2026-06-23 02:50:50,045 - INFO - EPUB written: C:\Users\Adrian PG\AppData\Local\Temp\pytest-of-Adrian PG\pytest-134\test_round_trip_preserves_imag0\back.epub
2026-06-23 02:50:50,119 - INFO - [  0%] Validating…
2026-06-23 02:50:50,123 - INFO - [  3%] Opening PDF…
2026-06-23 02:50:50,158 - INFO - pdf_to_epub cancelled by user
2026-06-23 02:50:50,158 - INFO - [  0%] Cancelled
2026-06-23 02:50:50,173 - INFO - [  0%] Validating…
2026-06-23 02:50:50,178 - INFO - [  3%] Opening PDF…
2026-06-23 02:50:50,217 - ERROR - pdf_to_epub failed: Failed to open file 'C:\\Users\\Adrian PG\\AppData\\Local\\Temp\\pytest-of-Adrian PG\\pytest-134\\test_failure_leaves_no_partial0\\bogus.pdf'.
Traceback (most recent call last):
  File "C:\Users\Adrian PG\OneDrive\Desktop\general keep up\study application\.venv\Lib\site-packages\pymupdf\__init__.py", line 3009, in __init__
    doc = mupdf.fz_open_document(filename)
  File "C:\Users\Adrian PG\OneDrive\Desktop\general keep up\study application\.venv\Lib\site-packages\pymupdf\mupdf.py", line 50790, in fz_open_document
    return _mupdf.fz_open_document(filename)
           ~~~~~~~~~~~~~~~~~~~~~~~^^^^^^^^^^
pymupdf.mupdf.FzErrorFormat: code=7: no objects found

The above exception was the direct cause of the following exception:

Traceback (most recent call last):
  File "C:\Users\Adrian PG\OneDrive\Desktop\general keep up\study application\converter\converter.py", line 584, in pdf_to_epub
    ok = _pdf_to_epub_streaming(
        pdf_path, tmp_out, opts, work_dir, progress_callback, cancel_callback
    )
  File "C:\Users\Adrian PG\OneDrive\Desktop\general keep up\study application\converter\converter.py", line 628, in _pdf_to_epub_streaming
    doc = fitz.open(pdf_path)
  File "C:\Users\Adrian PG\OneDrive\Desktop\general keep up\study application\.venv\Lib\site-packages\pymupdf\__init__.py", line 3012, in __init__
    raise FileDataError(f'Failed to open file {filename!r}.') from e
pymupdf.FileDataError: Failed to open file 'C:\\Users\\Adrian PG\\AppData\\Local\\Temp\\pytest-of-Adrian PG\\pytest-134\\test_failure_leaves_no_partial0\\bogus.pdf'.
2026-06-23 02:51:27,432 - INFO - [  0%] Validating…
2026-06-23 02:51:27,434 - ERROR - Input file not found: C:\Users\Adrian PG\AppData\Local\Temp\pytest-of-Adrian PG\pytest-135\test_missing_input_returns_fal0\nope.epub
2026-06-23 02:51:27,435 - INFO - [  0%] Validating…
2026-06-23 02:51:27,436 - ERROR - Input file not found: C:\Users\Adrian PG\AppData\Local\Temp\pytest-of-Adrian PG\pytest-135\test_missing_input_returns_fal0\nope.pdf
2026-06-23 02:51:28,157 - INFO - [  0%] Validating…
2026-06-23 02:51:28,158 - ERROR - Expected a .epub file: C:\Users\Adrian PG\AppData\Local\Temp\pytest-of-Adrian PG\pytest-135\test_wrong_extension_returns_f0\sample.pdf
2026-06-23 02:51:28,159 - INFO - [  0%] Validating…
2026-06-23 02:51:28,160 - ERROR - Expected a .pdf file: C:\Users\Adrian PG\AppData\Local\Temp\pytest-of-Adrian PG\pytest-135\test_wrong_extension_returns_f0\sample.epub
2026-06-23 02:51:28,170 - INFO - [  0%] Validating…
2026-06-23 02:51:28,171 - ERROR - Input file is empty: C:\Users\Adrian PG\AppData\Local\Temp\pytest-of-Adrian PG\pytest-135\test_empty_input_returns_false0\empty.epub
2026-06-23 02:51:28,184 - INFO - [  0%] Validating…
2026-06-23 02:51:28,185 - ERROR - Output directory does not exist: C:\Users\Adrian PG\AppData\Local\Temp\pytest-of-Adrian PG\pytest-135\test_bad_output_dir_returns_fa0\does\not\exist
2026-06-23 02:51:28,201 - INFO - [  0%] Validating…
2026-06-23 02:51:28,205 - INFO - [  3%] Opening EPUB…
2026-06-23 02:51:28,245 - INFO - [  6%] Extracting images…
2026-06-23 02:51:28,951 - INFO - [ 41%] Rendering chapter 1 of 3…
2026-06-23 02:51:28,969 - INFO - [ 68%] Rendering chapter 2 of 3…
2026-06-23 02:51:28,984 - INFO - [ 95%] Rendering chapter 3 of 3…
2026-06-23 02:51:28,995 - INFO - [ 96%] Assembling PDF…
2026-06-23 02:51:29,196 - INFO - [100%] Done
2026-06-23 02:51:29,197 - INFO - PDF written: C:\Users\Adrian PG\AppData\Local\Temp\pytest-of-Adrian PG\pytest-135\test_epub_to_pdf_produces_vali0\out.pdf
2026-06-23 02:51:29,274 - INFO - [  0%] Validating…
2026-06-23 02:51:29,279 - INFO - [  3%] Opening PDF…
2026-06-23 02:51:29,330 - INFO - [ 90%] Converting page 1 of 1…
2026-06-23 02:51:29,331 - INFO - [ 92%] Writing EPUB…
2026-06-23 02:51:29,375 - INFO - [100%] Done
2026-06-23 02:51:29,376 - INFO - EPUB written: C:\Users\Adrian PG\AppData\Local\Temp\pytest-of-Adrian PG\pytest-135\test_pdf_to_epub_produces_vali0\out.epub
2026-06-23 02:51:29,451 - INFO - [  0%] Validating…
2026-06-23 02:51:29,457 - INFO - [  3%] Opening EPUB…
2026-06-23 02:51:29,503 - INFO - [  6%] Extracting images…
2026-06-23 02:51:29,525 - INFO - [ 41%] Rendering chapter 1 of 3…
2026-06-23 02:51:29,545 - INFO - [ 68%] Rendering chapter 2 of 3…
2026-06-23 02:51:29,559 - INFO - [ 95%] Rendering chapter 3 of 3…
2026-06-23 02:51:29,569 - INFO - [ 96%] Assembling PDF…
2026-06-23 02:51:29,781 - INFO - [100%] Done
2026-06-23 02:51:29,782 - INFO - PDF written: C:\Users\Adrian PG\AppData\Local\Temp\pytest-of-Adrian PG\pytest-135\test_round_trip_preserves_imag0\mid.pdf
2026-06-23 02:51:29,795 - INFO - [  0%] Validating…
2026-06-23 02:51:29,799 - INFO - [  3%] Opening PDF…
2026-06-23 02:51:29,844 - INFO - [ 22%] Converting page 1 of 5…
2026-06-23 02:51:29,850 - INFO - [ 39%] Converting page 2 of 5…
2026-06-23 02:51:29,856 - INFO - [ 56%] Converting page 3 of 5…
2026-06-23 02:51:29,863 - INFO - [ 73%] Converting page 4 of 5…
2026-06-23 02:51:29,868 - INFO - [ 90%] Converting page 5 of 5…
2026-06-23 02:51:29,868 - INFO - [ 92%] Writing EPUB…
2026-06-23 02:51:29,925 - INFO - [100%] Done
2026-06-23 02:51:29,926 - INFO - EPUB written: C:\Users\Adrian PG\AppData\Local\Temp\pytest-of-Adrian PG\pytest-135\test_round_trip_preserves_imag0\back.epub
2026-06-23 02:51:30,017 - INFO - [  0%] Validating…
2026-06-23 02:51:30,021 - INFO - [  3%] Opening PDF…
2026-06-23 02:51:30,059 - INFO - pdf_to_epub cancelled by user
2026-06-23 02:51:30,059 - INFO - [  0%] Cancelled
2026-06-23 02:51:30,076 - INFO - [  0%] Validating…
2026-06-23 02:51:30,081 - INFO - [  3%] Opening PDF…
2026-06-23 02:51:30,089 - ERROR - pdf_to_epub failed: Failed to open file 'C:\\Users\\Adrian PG\\AppData\\Local\\Temp\\pytest-of-Adrian PG\\pytest-135\\test_failure_leaves_no_partial0\\bogus.pdf'.
Traceback (most recent call last):
  File "C:\Users\Adrian PG\OneDrive\Desktop\general keep up\study application\.venv\Lib\site-packages\pymupdf\__init__.py", line 3009, in __init__
    doc = mupdf.fz_open_document(filename)
  File "C:\Users\Adrian PG\OneDrive\Desktop\general keep up\study application\.venv\Lib\site-packages\pymupdf\mupdf.py", line 50790, in fz_open_document
    return _mupdf.fz_open_document(filename)
           ~~~~~~~~~~~~~~~~~~~~~~~^^^^^^^^^^
pymupdf.mupdf.FzErrorFormat: code=7: no objects found

The above exception was the direct cause of the following exception:

Traceback (most recent call last):
  File "C:\Users\Adrian PG\OneDrive\Desktop\general keep up\study application\converter\converter.py", line 593, in pdf_to_epub
    ok = _pdf_to_epub_streaming(
        pdf_path, tmp_out, opts, work_dir, progress_callback, cancel_callback
    )
  File "C:\Users\Adrian PG\OneDrive\Desktop\general keep up\study application\converter\converter.py", line 637, in _pdf_to_epub_streaming
    doc = fitz.open(pdf_path)
  File "C:\Users\Adrian PG\OneDrive\Desktop\general keep up\study application\.venv\Lib\site-packages\pymupdf\__init__.py", line 3012, in __init__
    raise FileDataError(f'Failed to open file {filename!r}.') from e
pymupdf.FileDataError: Failed to open file 'C:\\Users\\Adrian PG\\AppData\\Local\\Temp\\pytest-of-Adrian PG\\pytest-135\\test_failure_leaves_no_partial0\\bogus.pdf'.
2026-06-23 02:57:38,029 - INFO - [  0%] Validating…
2026-06-23 02:57:38,032 - WARNING - Large input (729.4 MB) — conversion may take a while: C:/Users/Adrian PG/Downloads/Emergency Care and Transportation of the Sick and Injured -- American Academy of Orthopaedic Surgeons (AAOS) Staff -- 12, 2021-02-19 -- Jones & -- isbn13 9781284204308 -- 26b31ec1f824ded4cfd04ef636f06144 -- An.epub
2026-06-23 02:57:38,068 - INFO - [  3%] Opening EPUB…
2026-06-23 02:57:45,578 - INFO - [  6%] Extracting images…
2026-06-23 02:57:47,999 - INFO - [ 15%] Rendering chapter 1 of 482…
2026-06-23 02:57:48,447 - INFO - [ 15%] Rendering chapter 2 of 482…
2026-06-23 02:57:48,519 - INFO - [ 15%] Rendering chapter 3 of 482…
2026-06-23 02:57:48,700 - INFO - [ 15%] Rendering chapter 4 of 482…
2026-06-23 02:57:48,730 - INFO - [ 15%] Rendering chapter 5 of 482…
2026-06-23 02:57:49,322 - INFO - [ 15%] Rendering chapter 6 of 482…
2026-06-23 02:57:49,364 - INFO - [ 16%] Rendering chapter 7 of 482…
2026-06-23 02:57:49,385 - INFO - [ 16%] Rendering chapter 8 of 482…
2026-06-23 02:57:49,640 - INFO - [ 16%] Rendering chapter 9 of 482…
2026-06-23 02:57:49,703 - INFO - [ 16%] Rendering chapter 10 of 482…
2026-06-23 02:57:50,134 - INFO - [ 16%] Rendering chapter 11 of 482…
2026-06-23 02:57:52,093 - INFO - [ 16%] Rendering chapter 12 of 482…
2026-06-23 02:57:52,212 - INFO - [ 17%] Rendering chapter 13 of 482…
2026-06-23 02:57:52,239 - INFO - [ 17%] Rendering chapter 14 of 482…
2026-06-23 02:57:52,294 - INFO - [ 17%] Rendering chapter 15 of 482…
2026-06-23 02:57:53,560 - INFO - [ 17%] Rendering chapter 16 of 482…
2026-06-23 02:57:54,192 - ERROR - epub_to_pdf failed: Flowable <Image at 0x20a7f9cfd40 frame=normal filename=C:\Users\ADRIAN~1\AppData\Local\Temp\conv_epub2pdf_7k_q3nmz\img_6_9781284204391_CH01_F07.png>(488.4146341463414 x 712.0) too large on page 9 in frame 'normal'(520.0 x 700.0*) of template 'Later'
Traceback (most recent call last):
  File "c:\Users\Adrian PG\OneDrive\Desktop\general keep up\study application\converter\converter.py", line 198, in epub_to_pdf
    ok = _epub_to_pdf_streaming(
        epub_path, tmp_out, opts, work_dir, progress_callback, cancel_callback
    )
  File "c:\Users\Adrian PG\OneDrive\Desktop\general keep up\study application\converter\converter.py", line 304, in _epub_to_pdf_streaming
    _build_chapter_pdf(
    ~~~~~~~~~~~~~~~~~~^
        ch_title, blocks, part_path, styles, margin, image_paths if include_images else {}
        ^^^^^^^^^^^^^^^^^^^^^^^^^^^^^^^^^^^^^^^^^^^^^^^^^^^^^^^^^^^^^^^^^^^^^^^^^^^^^^^^^^
    )
    ^
  File "c:\Users\Adrian PG\OneDrive\Desktop\general keep up\study application\converter\converter.py", line 449, in _build_chapter_pdf
    doc.build(story)
    ~~~~~~~~~^^^^^^^
  File "C:\Users\Adrian PG\OneDrive\Desktop\general keep up\study application\.venv\Lib\site-packages\reportlab\platypus\doctemplate.py", line 1322, in build
    BaseDocTemplate.build(self,flowables, canvasmaker=canvasmaker)
    ~~~~~~~~~~~~~~~~~~~~~^^^^^^^^^^^^^^^^^^^^^^^^^^^^^^^^^^^^^^^^^
  File "C:\Users\Adrian PG\OneDrive\Desktop\general keep up\study application\.venv\Lib\site-packages\reportlab\platypus\doctemplate.py", line 1083, in build
    self.handle_flowable(flowables)
    ~~~~~~~~~~~~~~~~~~~~^^^^^^^^^^^
  File "C:\Users\Adrian PG\OneDrive\Desktop\general keep up\study application\.venv\Lib\site-packages\reportlab\platypus\doctemplate.py", line 962, in handle_flowable
    raise LayoutError(ident)
reportlab.platypus.doctemplate.LayoutError: Flowable <Image at 0x20a7f9cfd40 frame=normal filename=C:\Users\ADRIAN~1\AppData\Local\Temp\conv_epub2pdf_7k_q3nmz\img_6_9781284204391_CH01_F07.png>(488.4146341463414 x 712.0) too large on page 9 in frame 'normal'(520.0 x 700.0*) of template 'Later'
2026-06-23 03:04:38,231 - INFO - [  0%] Validating…
2026-06-23 03:04:38,232 - ERROR - Input file not found: C:\Users\Adrian PG\AppData\Local\Temp\pytest-of-Adrian PG\pytest-137\test_missing_input_returns_fal0\nope.epub
2026-06-23 03:04:38,233 - INFO - [  0%] Validating…
2026-06-23 03:04:38,234 - ERROR - Input file not found: C:\Users\Adrian PG\AppData\Local\Temp\pytest-of-Adrian PG\pytest-137\test_missing_input_returns_fal0\nope.pdf
2026-06-23 03:04:39,197 - INFO - [  0%] Validating…
2026-06-23 03:04:39,199 - ERROR - Expected a .epub file: C:\Users\Adrian PG\AppData\Local\Temp\pytest-of-Adrian PG\pytest-137\test_wrong_extension_returns_f0\sample.pdf
2026-06-23 03:04:39,200 - INFO - [  0%] Validating…
2026-06-23 03:04:39,201 - ERROR - Expected a .pdf file: C:\Users\Adrian PG\AppData\Local\Temp\pytest-of-Adrian PG\pytest-137\test_wrong_extension_returns_f0\sample.epub
2026-06-23 03:04:39,215 - INFO - [  0%] Validating…
2026-06-23 03:04:39,216 - ERROR - Input file is empty: C:\Users\Adrian PG\AppData\Local\Temp\pytest-of-Adrian PG\pytest-137\test_empty_input_returns_false0\empty.epub
2026-06-23 03:04:39,238 - INFO - [  0%] Validating…
2026-06-23 03:04:39,239 - ERROR - Output directory does not exist: C:\Users\Adrian PG\AppData\Local\Temp\pytest-of-Adrian PG\pytest-137\test_bad_output_dir_returns_fa0\does\not\exist
2026-06-23 03:04:39,260 - INFO - [  0%] Validating…
2026-06-23 03:04:39,265 - INFO - [  3%] Opening EPUB…
2026-06-23 03:04:39,347 - INFO - [  6%] Extracting images…
2026-06-23 03:04:39,966 - INFO - [ 41%] Rendering chapter 1 of 3…
2026-06-23 03:04:39,983 - INFO - [ 68%] Rendering chapter 2 of 3…
2026-06-23 03:04:39,995 - INFO - [ 95%] Rendering chapter 3 of 3…
2026-06-23 03:04:40,005 - INFO - [ 96%] Assembling PDF…
2026-06-23 03:04:40,214 - INFO - [100%] Done
2026-06-23 03:04:40,214 - INFO - PDF written: C:\Users\Adrian PG\AppData\Local\Temp\pytest-of-Adrian PG\pytest-137\test_epub_to_pdf_produces_vali0\out.pdf
2026-06-23 03:04:40,283 - INFO - [  0%] Validating…
2026-06-23 03:04:40,291 - INFO - [  3%] Opening PDF…
2026-06-23 03:04:40,369 - INFO - [ 90%] Converting page 1 of 1…
2026-06-23 03:04:40,369 - INFO - [ 92%] Writing EPUB…
2026-06-23 03:04:40,391 - INFO - [100%] Done
2026-06-23 03:04:40,391 - INFO - EPUB written: C:\Users\Adrian PG\AppData\Local\Temp\pytest-of-Adrian PG\pytest-137\test_pdf_to_epub_produces_vali0\out.epub
2026-06-23 03:04:40,522 - INFO - [  0%] Validating…
2026-06-23 03:04:40,528 - INFO - [  3%] Opening EPUB…
2026-06-23 03:04:40,573 - INFO - [  6%] Extracting images…
2026-06-23 03:04:40,590 - INFO - [ 55%] Rendering chapter 1 of 2…
2026-06-23 03:04:40,671 - INFO - [ 95%] Rendering chapter 2 of 2…
2026-06-23 03:04:40,680 - INFO - [ 96%] Assembling PDF…
2026-06-23 03:04:40,797 - INFO - [100%] Done
2026-06-23 03:04:40,797 - INFO - PDF written: C:\Users\Adrian PG\AppData\Local\Temp\pytest-of-Adrian PG\pytest-137\test_epub_to_pdf_handles_overs0\big.pdf
2026-06-23 03:04:40,844 - INFO - [  0%] Validating…
2026-06-23 03:04:40,847 - INFO - [  3%] Opening EPUB…
2026-06-23 03:04:40,876 - INFO - [  6%] Extracting images…
2026-06-23 03:04:40,890 - INFO - [ 41%] Rendering chapter 1 of 3…
2026-06-23 03:04:40,902 - INFO - [ 68%] Rendering chapter 2 of 3…
2026-06-23 03:04:40,911 - INFO - [ 95%] Rendering chapter 3 of 3…
2026-06-23 03:04:40,917 - INFO - [ 96%] Assembling PDF…
2026-06-23 03:04:41,067 - INFO - [100%] Done
2026-06-23 03:04:41,067 - INFO - PDF written: C:\Users\Adrian PG\AppData\Local\Temp\pytest-of-Adrian PG\pytest-137\test_round_trip_preserves_imag0\mid.pdf
2026-06-23 03:04:41,075 - INFO - [  0%] Validating…
2026-06-23 03:04:41,080 - INFO - [  3%] Opening PDF…
2026-06-23 03:04:41,114 - INFO - [ 22%] Converting page 1 of 5…
2026-06-23 03:04:41,118 - INFO - [ 39%] Converting page 2 of 5…
2026-06-23 03:04:41,123 - INFO - [ 56%] Converting page 3 of 5…
2026-06-23 03:04:41,133 - INFO - [ 73%] Converting page 4 of 5…
2026-06-23 03:04:41,137 - INFO - [ 90%] Converting page 5 of 5…
2026-06-23 03:04:41,137 - INFO - [ 92%] Writing EPUB…
2026-06-23 03:04:41,148 - INFO - [100%] Done
2026-06-23 03:04:41,148 - INFO - EPUB written: C:\Users\Adrian PG\AppData\Local\Temp\pytest-of-Adrian PG\pytest-137\test_round_trip_preserves_imag0\back.epub
2026-06-23 03:04:41,208 - INFO - [  0%] Validating…
2026-06-23 03:04:41,212 - INFO - [  3%] Opening PDF…
2026-06-23 03:04:41,242 - INFO - pdf_to_epub cancelled by user
2026-06-23 03:04:41,243 - INFO - [  0%] Cancelled
2026-06-23 03:04:41,256 - INFO - [  0%] Validating…
2026-06-23 03:04:41,258 - INFO - [  3%] Opening PDF…
2026-06-23 03:04:41,303 - ERROR - pdf_to_epub failed: Failed to open file 'C:\\Users\\Adrian PG\\AppData\\Local\\Temp\\pytest-of-Adrian PG\\pytest-137\\test_failure_leaves_no_partial0\\bogus.pdf'.
Traceback (most recent call last):
  File "C:\Users\Adrian PG\OneDrive\Desktop\general keep up\study application\.venv\Lib\site-packages\pymupdf\__init__.py", line 3009, in __init__
    doc = mupdf.fz_open_document(filename)
  File "C:\Users\Adrian PG\OneDrive\Desktop\general keep up\study application\.venv\Lib\site-packages\pymupdf\mupdf.py", line 50790, in fz_open_document
    return _mupdf.fz_open_document(filename)
           ~~~~~~~~~~~~~~~~~~~~~~~^^^^^^^^^^
pymupdf.mupdf.FzErrorFormat: code=7: no objects found

The above exception was the direct cause of the following exception:

Traceback (most recent call last):
  File "C:\Users\Adrian PG\OneDrive\Desktop\general keep up\study application\converter\converter.py", line 617, in pdf_to_epub
    ok = _pdf_to_epub_streaming(
        pdf_path, tmp_out, opts, work_dir, progress_callback, cancel_callback
    )
  File "C:\Users\Adrian PG\OneDrive\Desktop\general keep up\study application\converter\converter.py", line 661, in _pdf_to_epub_streaming
    doc = fitz.open(pdf_path)
  File "C:\Users\Adrian PG\OneDrive\Desktop\general keep up\study application\.venv\Lib\site-packages\pymupdf\__init__.py", line 3012, in __init__
    raise FileDataError(f'Failed to open file {filename!r}.') from e
pymupdf.FileDataError: Failed to open file 'C:\\Users\\Adrian PG\\AppData\\Local\\Temp\\pytest-of-Adrian PG\\pytest-137\\test_failure_leaves_no_partial0\\bogus.pdf'.
2026-06-23 03:05:11,754 - INFO - [  0%] Validating…
2026-06-23 03:05:11,758 - INFO - [  3%] Opening EPUB…
2026-06-23 03:05:11,831 - INFO - [  6%] Extracting images…
2026-06-23 03:05:12,380 - INFO - [ 55%] Rendering chapter 1 of 2…
2026-06-23 03:05:12,442 - INFO - [ 95%] Rendering chapter 2 of 2…
2026-06-23 03:05:12,447 - INFO - [ 96%] Assembling PDF…
2026-06-23 03:05:12,716 - INFO - [100%] Done
2026-06-23 03:05:12,717 - INFO - PDF written: C:\Users\ADRIAN~1\AppData\Local\Temp\tmph7g1ld4y\out.pdf
2026-06-23 03:05:41,479 - INFO - [  0%] Validating…
2026-06-23 03:05:41,480 - ERROR - Input file not found: C:\Users\Adrian PG\AppData\Local\Temp\pytest-of-Adrian PG\pytest-138\test_missing_input_returns_fal0\nope.epub
2026-06-23 03:05:41,481 - INFO - [  0%] Validating…
2026-06-23 03:05:41,482 - ERROR - Input file not found: C:\Users\Adrian PG\AppData\Local\Temp\pytest-of-Adrian PG\pytest-138\test_missing_input_returns_fal0\nope.pdf
2026-06-23 03:05:41,971 - INFO - [  0%] Validating…
2026-06-23 03:05:41,971 - ERROR - Expected a .epub file: C:\Users\Adrian PG\AppData\Local\Temp\pytest-of-Adrian PG\pytest-138\test_wrong_extension_returns_f0\sample.pdf
2026-06-23 03:05:41,972 - INFO - [  0%] Validating…
2026-06-23 03:05:41,972 - ERROR - Expected a .pdf file: C:\Users\Adrian PG\AppData\Local\Temp\pytest-of-Adrian PG\pytest-138\test_wrong_extension_returns_f0\sample.epub
2026-06-23 03:05:41,981 - INFO - [  0%] Validating…
2026-06-23 03:05:41,982 - ERROR - Input file is empty: C:\Users\Adrian PG\AppData\Local\Temp\pytest-of-Adrian PG\pytest-138\test_empty_input_returns_false0\empty.epub
2026-06-23 03:05:41,994 - INFO - [  0%] Validating…
2026-06-23 03:05:41,996 - ERROR - Output directory does not exist: C:\Users\Adrian PG\AppData\Local\Temp\pytest-of-Adrian PG\pytest-138\test_bad_output_dir_returns_fa0\does\not\exist
2026-06-23 03:05:42,008 - INFO - [  0%] Validating…
2026-06-23 03:05:42,012 - INFO - [  3%] Opening EPUB…
2026-06-23 03:05:42,039 - INFO - [  6%] Extracting images…
2026-06-23 03:05:42,532 - INFO - [ 41%] Rendering chapter 1 of 3…
2026-06-23 03:05:42,543 - INFO - [ 68%] Rendering chapter 2 of 3…
2026-06-23 03:05:42,548 - INFO - [ 95%] Rendering chapter 3 of 3…
2026-06-23 03:05:42,554 - INFO - [ 96%] Assembling PDF…
2026-06-23 03:05:42,712 - INFO - [100%] Done
2026-06-23 03:05:42,713 - INFO - PDF written: C:\Users\Adrian PG\AppData\Local\Temp\pytest-of-Adrian PG\pytest-138\test_epub_to_pdf_produces_vali0\out.pdf
2026-06-23 03:05:42,784 - INFO - [  0%] Validating…
2026-06-23 03:05:42,789 - INFO - [  3%] Opening PDF…
2026-06-23 03:05:42,837 - INFO - [ 90%] Converting page 1 of 1…
2026-06-23 03:05:42,837 - INFO - [ 92%] Writing EPUB…
2026-06-23 03:05:42,885 - INFO - [100%] Done
2026-06-23 03:05:42,886 - INFO - EPUB written: C:\Users\Adrian PG\AppData\Local\Temp\pytest-of-Adrian PG\pytest-138\test_pdf_to_epub_produces_vali0\out.epub
2026-06-23 03:05:43,102 - INFO - [  0%] Validating…
2026-06-23 03:05:43,111 - INFO - [  3%] Opening EPUB…
2026-06-23 03:05:43,185 - INFO - [  6%] Extracting images…
2026-06-23 03:05:43,228 - INFO - [ 55%] Rendering chapter 1 of 2…
2026-06-23 03:05:43,371 - INFO - [ 95%] Rendering chapter 2 of 2…
2026-06-23 03:05:43,383 - INFO - [ 96%] Assembling PDF…
2026-06-23 03:05:43,680 - INFO - [100%] Done
2026-06-23 03:05:43,680 - INFO - PDF written: C:\Users\Adrian PG\AppData\Local\Temp\pytest-of-Adrian PG\pytest-138\test_epub_to_pdf_handles_overs0\big.pdf
2026-06-23 03:05:43,731 - INFO - [  0%] Validating…
2026-06-23 03:05:43,735 - INFO - [  3%] Opening EPUB…
2026-06-23 03:05:43,787 - INFO - [  6%] Extracting images…
2026-06-23 03:05:43,807 - INFO - [ 41%] Rendering chapter 1 of 3…
2026-06-23 03:05:43,826 - INFO - [ 68%] Rendering chapter 2 of 3…
2026-06-23 03:05:43,840 - INFO - [ 95%] Rendering chapter 3 of 3…
2026-06-23 03:05:43,848 - INFO - [ 96%] Assembling PDF…
2026-06-23 03:05:44,098 - INFO - [100%] Done
2026-06-23 03:05:44,099 - INFO - PDF written: C:\Users\Adrian PG\AppData\Local\Temp\pytest-of-Adrian PG\pytest-138\test_round_trip_preserves_imag0\mid.pdf
2026-06-23 03:05:44,114 - INFO - [  0%] Validating…
2026-06-23 03:05:44,118 - INFO - [  3%] Opening PDF…
2026-06-23 03:05:44,161 - INFO - [ 22%] Converting page 1 of 5…
2026-06-23 03:05:44,167 - INFO - [ 39%] Converting page 2 of 5…
2026-06-23 03:05:44,172 - INFO - [ 56%] Converting page 3 of 5…
2026-06-23 03:05:44,178 - INFO - [ 73%] Converting page 4 of 5…
2026-06-23 03:05:44,182 - INFO - [ 90%] Converting page 5 of 5…
2026-06-23 03:05:44,183 - INFO - [ 92%] Writing EPUB…
2026-06-23 03:05:44,232 - INFO - [100%] Done
2026-06-23 03:05:44,232 - INFO - EPUB written: C:\Users\Adrian PG\AppData\Local\Temp\pytest-of-Adrian PG\pytest-138\test_round_trip_preserves_imag0\back.epub
2026-06-23 03:05:44,298 - INFO - [  0%] Validating…
2026-06-23 03:05:44,302 - INFO - [  3%] Opening PDF…
2026-06-23 03:05:44,349 - INFO - pdf_to_epub cancelled by user
2026-06-23 03:05:44,349 - INFO - [  0%] Cancelled
2026-06-23 03:05:44,380 - INFO - [  0%] Validating…
2026-06-23 03:05:44,391 - INFO - [  3%] Opening PDF…
2026-06-23 03:05:44,406 - ERROR - pdf_to_epub failed: Failed to open file 'C:\\Users\\Adrian PG\\AppData\\Local\\Temp\\pytest-of-Adrian PG\\pytest-138\\test_failure_leaves_no_partial0\\bogus.pdf'.
Traceback (most recent call last):
  File "C:\Users\Adrian PG\OneDrive\Desktop\general keep up\study application\.venv\Lib\site-packages\pymupdf\__init__.py", line 3009, in __init__
    doc = mupdf.fz_open_document(filename)
  File "C:\Users\Adrian PG\OneDrive\Desktop\general keep up\study application\.venv\Lib\site-packages\pymupdf\mupdf.py", line 50790, in fz_open_document
    return _mupdf.fz_open_document(filename)
           ~~~~~~~~~~~~~~~~~~~~~~~^^^^^^^^^^
pymupdf.mupdf.FzErrorFormat: code=7: no objects found

The above exception was the direct cause of the following exception:

Traceback (most recent call last):
  File "C:\Users\Adrian PG\OneDrive\Desktop\general keep up\study application\converter\converter.py", line 617, in pdf_to_epub
    ok = _pdf_to_epub_streaming(
        pdf_path, tmp_out, opts, work_dir, progress_callback, cancel_callback
    )
  File "C:\Users\Adrian PG\OneDrive\Desktop\general keep up\study application\converter\converter.py", line 661, in _pdf_to_epub_streaming
    doc = fitz.open(pdf_path)
  File "C:\Users\Adrian PG\OneDrive\Desktop\general keep up\study application\.venv\Lib\site-packages\pymupdf\__init__.py", line 3012, in __init__
    raise FileDataError(f'Failed to open file {filename!r}.') from e
pymupdf.FileDataError: Failed to open file 'C:\\Users\\Adrian PG\\AppData\\Local\\Temp\\pytest-of-Adrian PG\\pytest-138\\test_failure_leaves_no_partial0\\bogus.pdf'.
2026-06-23 03:17:03,716 - INFO - [  0%] Validating…
2026-06-23 03:17:03,717 - WARNING - Large input (729.4 MB) — conversion may take a while: C:/Users/Adrian PG/Downloads/Emergency Care and Transportation of the Sick and Injured -- American Academy of Orthopaedic Surgeons (AAOS) Staff -- 12, 2021-02-19 -- Jones & -- isbn13 9781284204308 -- 26b31ec1f824ded4cfd04ef636f06144 -- An.epub
2026-06-23 03:17:03,730 - INFO - [  3%] Opening EPUB…
2026-06-23 03:17:08,212 - INFO - [  6%] Extracting images…
2026-06-23 03:17:10,404 - INFO - [ 15%] Rendering chapter 1 of 482…
2026-06-23 03:17:10,706 - INFO - [ 15%] Rendering chapter 2 of 482…
2026-06-23 03:17:10,757 - INFO - [ 15%] Rendering chapter 3 of 482…
2026-06-23 03:17:10,889 - INFO - [ 15%] Rendering chapter 4 of 482…
2026-06-23 03:17:10,911 - INFO - [ 15%] Rendering chapter 5 of 482…
2026-06-23 03:17:11,322 - INFO - [ 15%] Rendering chapter 6 of 482…
2026-06-23 03:17:11,349 - INFO - [ 16%] Rendering chapter 7 of 482…
2026-06-23 03:17:11,364 - INFO - [ 16%] Rendering chapter 8 of 482…
2026-06-23 03:17:11,467 - INFO - [ 16%] Rendering chapter 9 of 482…
2026-06-23 03:17:11,538 - INFO - [ 16%] Rendering chapter 10 of 482…
2026-06-23 03:17:11,951 - INFO - [ 16%] Rendering chapter 11 of 482…
2026-06-23 03:17:12,972 - INFO - [ 16%] Rendering chapter 12 of 482…
2026-06-23 03:17:13,040 - INFO - [ 17%] Rendering chapter 13 of 482…
2026-06-23 03:17:13,059 - INFO - [ 17%] Rendering chapter 14 of 482…
2026-06-23 03:17:13,095 - INFO - [ 17%] Rendering chapter 15 of 482…
2026-06-23 03:17:14,053 - INFO - [ 17%] Rendering chapter 16 of 482…
2026-06-23 03:17:14,630 - INFO - [ 17%] Rendering chapter 17 of 482…
2026-06-23 03:17:16,017 - INFO - [ 17%] Rendering chapter 18 of 482…
2026-06-23 03:17:16,528 - INFO - [ 18%] Rendering chapter 19 of 482…
2026-06-23 03:17:16,541 - INFO - [ 18%] Rendering chapter 20 of 482…
2026-06-23 03:17:17,809 - INFO - [ 18%] Rendering chapter 21 of 482…
2026-06-23 03:17:23,367 - INFO - [ 18%] Rendering chapter 22 of 482…
2026-06-23 03:17:27,718 - INFO - [ 18%] Rendering chapter 23 of 482…
2026-06-23 03:17:28,386 - INFO - [ 18%] Rendering chapter 24 of 482…
2026-06-23 03:17:28,408 - INFO - [ 19%] Rendering chapter 25 of 482…
2026-06-23 03:17:29,425 - INFO - [ 19%] Rendering chapter 26 of 482…
2026-06-23 03:17:29,896 - INFO - [ 19%] Rendering chapter 27 of 482…
2026-06-23 03:17:30,270 - INFO - [ 19%] Rendering chapter 28 of 482…
2026-06-23 03:17:30,280 - INFO - [ 19%] Rendering chapter 29 of 482…
2026-06-23 03:17:31,267 - INFO - [ 19%] Rendering chapter 30 of 482…
2026-06-23 03:17:31,328 - INFO - [ 20%] Rendering chapter 31 of 482…
2026-06-23 03:17:31,348 - INFO - [ 20%] Rendering chapter 32 of 482…
2026-06-23 03:17:31,608 - INFO - [ 20%] Rendering chapter 33 of 482…
2026-06-23 03:17:32,369 - INFO - [ 20%] Rendering chapter 34 of 482…
2026-06-23 03:17:32,775 - INFO - [ 20%] Rendering chapter 35 of 482…
2026-06-23 03:17:32,785 - INFO - [ 20%] Rendering chapter 36 of 482…
2026-06-23 03:17:33,636 - INFO - [ 21%] Rendering chapter 37 of 482…
2026-06-23 03:17:33,646 - INFO - [ 21%] Rendering chapter 38 of 482…
2026-06-23 03:17:33,669 - INFO - [ 21%] Rendering chapter 39 of 482…
2026-06-23 03:17:33,681 - INFO - [ 21%] Rendering chapter 40 of 482…
2026-06-23 03:17:33,691 - INFO - [ 21%] Rendering chapter 41 of 482…
2026-06-23 03:17:33,698 - INFO - [ 21%] Rendering chapter 42 of 482…
2026-06-23 03:17:33,716 - INFO - [ 22%] Rendering chapter 43 of 482…
2026-06-23 03:17:33,727 - INFO - [ 22%] Rendering chapter 44 of 482…
2026-06-23 03:17:33,754 - INFO - [ 22%] Rendering chapter 45 of 482…
2026-06-23 03:17:33,800 - INFO - [ 22%] Rendering chapter 46 of 482…
2026-06-23 03:17:34,279 - INFO - [ 22%] Rendering chapter 47 of 482…
2026-06-23 03:17:34,620 - INFO - [ 22%] Rendering chapter 48 of 482…
2026-06-23 03:17:34,633 - INFO - [ 23%] Rendering chapter 49 of 482…
2026-06-23 03:17:37,522 - INFO - [ 23%] Rendering chapter 50 of 482…
2026-06-23 03:17:41,267 - INFO - [ 23%] Rendering chapter 51 of 482…
2026-06-23 03:17:42,428 - INFO - [ 23%] Rendering chapter 52 of 482…
2026-06-23 03:17:44,025 - INFO - [ 23%] Rendering chapter 53 of 482…
2026-06-23 03:17:44,412 - INFO - [ 23%] Rendering chapter 54 of 482…
2026-06-23 03:17:44,418 - INFO - [ 24%] Rendering chapter 55 of 482…
2026-06-23 03:17:44,769 - INFO - [ 24%] Rendering chapter 56 of 482…
2026-06-23 03:17:44,780 - INFO - [ 24%] Rendering chapter 57 of 482…
2026-06-23 03:17:44,789 - INFO - [ 24%] Rendering chapter 58 of 482…
2026-06-23 03:17:45,391 - INFO - [ 24%] Rendering chapter 59 of 482…
2026-06-23 03:17:47,867 - INFO - [ 24%] Rendering chapter 60 of 482…
2026-06-23 03:17:47,879 - INFO - [ 25%] Rendering chapter 61 of 482…
2026-06-23 03:17:47,923 - INFO - [ 25%] Rendering chapter 62 of 482…
2026-06-23 03:17:48,813 - INFO - [ 25%] Rendering chapter 63 of 482…
2026-06-23 03:17:49,306 - INFO - [ 25%] Rendering chapter 64 of 482…
2026-06-23 03:17:49,315 - INFO - [ 25%] Rendering chapter 65 of 482…
2026-06-23 03:17:49,711 - INFO - [ 25%] Rendering chapter 66 of 482…
2026-06-23 03:17:49,755 - INFO - [ 26%] Rendering chapter 67 of 482…
2026-06-23 03:17:59,169 - INFO - [ 26%] Rendering chapter 68 of 482…
2026-06-23 03:17:59,180 - INFO - [ 26%] Rendering chapter 69 of 482…
2026-06-23 03:18:01,295 - INFO - [ 26%] Rendering chapter 70 of 482…
2026-06-23 03:18:01,301 - INFO - [ 26%] Rendering chapter 71 of 482…
2026-06-23 03:18:04,454 - INFO - [ 26%] Rendering chapter 72 of 482…
2026-06-23 03:18:07,162 - INFO - [ 27%] Rendering chapter 73 of 482…
2026-06-23 03:18:11,972 - INFO - [ 27%] Rendering chapter 74 of 482…
2026-06-23 03:18:14,008 - INFO - [ 27%] Rendering chapter 75 of 482…
2026-06-23 03:18:16,313 - INFO - [ 27%] Rendering chapter 76 of 482…
2026-06-23 03:18:17,615 - INFO - [ 27%] Rendering chapter 77 of 482…
2026-06-23 03:18:17,625 - INFO - [ 27%] Rendering chapter 78 of 482…
2026-06-23 03:18:19,682 - INFO - [ 28%] Rendering chapter 79 of 482…
2026-06-23 03:18:19,691 - INFO - [ 28%] Rendering chapter 80 of 482…
2026-06-23 03:18:19,700 - INFO - [ 28%] Rendering chapter 81 of 482…
2026-06-23 03:18:20,903 - INFO - [ 28%] Rendering chapter 82 of 482…
2026-06-23 03:18:21,550 - INFO - [ 28%] Rendering chapter 83 of 482…
2026-06-23 03:18:25,029 - INFO - [ 28%] Rendering chapter 84 of 482…
2026-06-23 03:18:25,050 - INFO - [ 29%] Rendering chapter 85 of 482…
2026-06-23 03:18:25,708 - INFO - [ 29%] Rendering chapter 86 of 482…
2026-06-23 03:18:26,467 - INFO - [ 29%] Rendering chapter 87 of 482…
2026-06-23 03:18:26,666 - INFO - [ 29%] Rendering chapter 88 of 482…
2026-06-23 03:18:28,315 - INFO - [ 29%] Rendering chapter 89 of 482…
2026-06-23 03:18:29,605 - INFO - [ 29%] Rendering chapter 90 of 482…
2026-06-23 03:18:30,000 - INFO - [ 30%] Rendering chapter 91 of 482…
2026-06-23 03:18:30,843 - INFO - [ 30%] Rendering chapter 92 of 482…
2026-06-23 03:18:31,273 - INFO - [ 30%] Rendering chapter 93 of 482…
2026-06-23 03:18:31,626 - INFO - [ 30%] Rendering chapter 94 of 482…
2026-06-23 03:18:33,756 - INFO - [ 30%] Rendering chapter 95 of 482…
2026-06-23 03:18:34,292 - INFO - [ 30%] Rendering chapter 96 of 482…
2026-06-23 03:18:34,302 - INFO - [ 31%] Rendering chapter 97 of 482…
2026-06-23 03:18:34,709 - INFO - [ 31%] Rendering chapter 98 of 482…
2026-06-23 03:18:34,910 - INFO - [ 31%] Rendering chapter 99 of 482…
2026-06-23 03:18:34,919 - INFO - [ 31%] Rendering chapter 100 of 482…
2026-06-23 03:18:36,964 - INFO - [ 31%] Rendering chapter 101 of 482…
2026-06-23 03:18:38,213 - INFO - [ 31%] Rendering chapter 102 of 482…
2026-06-23 03:18:47,375 - INFO - [ 32%] Rendering chapter 103 of 482…
2026-06-23 03:18:47,418 - INFO - [ 32%] Rendering chapter 104 of 482…
2026-06-23 03:18:49,948 - INFO - [ 32%] Rendering chapter 105 of 482…
2026-06-23 03:18:52,243 - INFO - [ 32%] Rendering chapter 106 of 482…
2026-06-23 03:18:59,925 - INFO - [ 32%] Rendering chapter 107 of 482…
2026-06-23 03:18:59,933 - INFO - [ 32%] Rendering chapter 108 of 482…
2026-06-23 03:18:59,945 - INFO - [ 33%] Rendering chapter 109 of 482…
2026-06-23 03:19:02,372 - INFO - [ 33%] Rendering chapter 110 of 482…
2026-06-23 03:19:02,381 - INFO - [ 33%] Rendering chapter 111 of 482…
2026-06-23 03:19:02,717 - INFO - [ 33%] Rendering chapter 112 of 482…
2026-06-23 03:19:03,104 - INFO - [ 33%] Rendering chapter 113 of 482…
2026-06-23 03:19:03,559 - INFO - [ 33%] Rendering chapter 114 of 482…
2026-06-23 03:19:03,568 - INFO - [ 34%] Rendering chapter 115 of 482…
2026-06-23 03:19:03,582 - INFO - [ 34%] Rendering chapter 116 of 482…
2026-06-23 03:19:03,609 - INFO - [ 34%] Rendering chapter 117 of 482…
2026-06-23 03:19:03,624 - INFO - [ 34%] Rendering chapter 118 of 482…
2026-06-23 03:19:04,652 - INFO - [ 34%] Rendering chapter 119 of 482…
2026-06-23 03:19:04,726 - INFO - [ 34%] Rendering chapter 120 of 482…
2026-06-23 03:19:04,749 - INFO - [ 35%] Rendering chapter 121 of 482…
2026-06-23 03:19:04,762 - INFO - [ 35%] Rendering chapter 122 of 482…
2026-06-23 03:19:04,854 - INFO - [ 35%] Rendering chapter 123 of 482…
2026-06-23 03:19:05,184 - INFO - [ 35%] Rendering chapter 124 of 482…
2026-06-23 03:19:05,567 - INFO - [ 35%] Rendering chapter 125 of 482…
2026-06-23 03:19:06,136 - INFO - [ 35%] Rendering chapter 126 of 482…
2026-06-23 03:19:06,336 - INFO - [ 36%] Rendering chapter 127 of 482…
2026-06-23 03:19:09,474 - INFO - [ 36%] Rendering chapter 128 of 482…
2026-06-23 03:19:17,606 - INFO - [ 36%] Rendering chapter 129 of 482…
2026-06-23 03:19:19,831 - INFO - [ 36%] Rendering chapter 130 of 482…
2026-06-23 03:19:34,801 - INFO - [ 36%] Rendering chapter 131 of 482…
2026-06-23 03:19:35,205 - INFO - [ 36%] Rendering chapter 132 of 482…
2026-06-23 03:19:35,604 - INFO - [ 37%] Rendering chapter 133 of 482…
2026-06-23 03:19:36,147 - INFO - [ 37%] Rendering chapter 134 of 482…
2026-06-23 03:19:36,210 - INFO - [ 37%] Rendering chapter 135 of 482…
2026-06-23 03:19:41,992 - INFO - [ 37%] Rendering chapter 136 of 482…
2026-06-23 03:19:44,776 - INFO - [ 37%] Rendering chapter 137 of 482…
2026-06-23 03:19:44,816 - INFO - [ 37%] Rendering chapter 138 of 482…
2026-06-23 03:19:46,789 - INFO - [ 38%] Rendering chapter 139 of 482…
2026-06-23 03:19:49,370 - INFO - [ 38%] Rendering chapter 140 of 482…
2026-06-23 03:19:51,648 - INFO - [ 38%] Rendering chapter 141 of 482…
2026-06-23 03:19:55,120 - INFO - [ 38%] Rendering chapter 142 of 482…
2026-06-23 03:19:55,414 - INFO - [ 38%] Rendering chapter 143 of 482…
2026-06-23 03:19:58,982 - INFO - [ 38%] Rendering chapter 144 of 482…
2026-06-23 03:20:03,614 - INFO - [ 39%] Rendering chapter 145 of 482…
2026-06-23 03:20:10,539 - INFO - [ 39%] Rendering chapter 146 of 482…
2026-06-23 03:20:17,168 - INFO - [ 39%] Rendering chapter 147 of 482…
2026-06-23 03:20:18,456 - INFO - [ 39%] Rendering chapter 148 of 482…
2026-06-23 03:20:21,275 - INFO - [ 39%] Rendering chapter 149 of 482…
2026-06-23 03:20:24,631 - INFO - [ 39%] Rendering chapter 150 of 482…
2026-06-23 03:20:24,837 - INFO - [ 40%] Rendering chapter 151 of 482…
2026-06-23 03:20:25,260 - INFO - [ 40%] Rendering chapter 152 of 482…
2026-06-23 03:20:25,267 - INFO - [ 40%] Rendering chapter 153 of 482…
2026-06-23 03:20:25,418 - INFO - [ 40%] Rendering chapter 154 of 482…
2026-06-23 03:20:26,366 - INFO - [ 40%] Rendering chapter 155 of 482…
2026-06-23 03:20:26,415 - INFO - [ 40%] Rendering chapter 156 of 482…
2026-06-23 03:20:26,791 - INFO - [ 41%] Rendering chapter 157 of 482…
2026-06-23 03:20:29,060 - INFO - [ 41%] Rendering chapter 158 of 482…
2026-06-23 03:20:29,172 - INFO - [ 41%] Rendering chapter 159 of 482…
2026-06-23 03:20:29,561 - INFO - [ 41%] Rendering chapter 160 of 482…
2026-06-23 03:20:29,889 - INFO - [ 41%] Rendering chapter 161 of 482…
2026-06-23 03:20:30,355 - INFO - [ 41%] Rendering chapter 162 of 482…
2026-06-23 03:20:30,363 - INFO - [ 42%] Rendering chapter 163 of 482…
2026-06-23 03:20:31,737 - INFO - [ 42%] Rendering chapter 164 of 482…
2026-06-23 03:20:32,207 - INFO - [ 42%] Rendering chapter 165 of 482…
2026-06-23 03:20:34,799 - INFO - [ 42%] Rendering chapter 166 of 482…
2026-06-23 03:20:34,823 - INFO - [ 42%] Rendering chapter 167 of 482…
2026-06-23 03:20:34,883 - INFO - [ 42%] Rendering chapter 168 of 482…
2026-06-23 03:20:36,961 - INFO - [ 43%] Rendering chapter 169 of 482…
2026-06-23 03:20:37,518 - INFO - [ 43%] Rendering chapter 170 of 482…
2026-06-23 03:20:37,546 - INFO - [ 43%] Rendering chapter 171 of 482…
2026-06-23 03:20:39,041 - INFO - [ 43%] Rendering chapter 172 of 482…
2026-06-23 03:20:39,714 - INFO - [ 43%] Rendering chapter 173 of 482…
2026-06-23 03:20:40,032 - INFO - [ 43%] Rendering chapter 174 of 482…
2026-06-23 03:20:40,050 - INFO - [ 44%] Rendering chapter 175 of 482…
2026-06-23 03:20:40,056 - INFO - [ 44%] Rendering chapter 176 of 482…
2026-06-23 03:20:42,572 - INFO - [ 44%] Rendering chapter 177 of 482…
2026-06-23 03:20:45,496 - INFO - [ 44%] Rendering chapter 178 of 482…
2026-06-23 03:20:47,242 - INFO - [ 44%] Rendering chapter 179 of 482…
2026-06-23 03:20:49,370 - INFO - [ 44%] Rendering chapter 180 of 482…
2026-06-23 03:20:51,352 - INFO - [ 45%] Rendering chapter 181 of 482…
2026-06-23 03:20:54,008 - INFO - [ 45%] Rendering chapter 182 of 482…
2026-06-23 03:20:54,027 - INFO - [ 45%] Rendering chapter 183 of 482…
2026-06-23 03:20:54,867 - INFO - [ 45%] Rendering chapter 184 of 482…
2026-06-23 03:20:54,893 - INFO - [ 45%] Rendering chapter 185 of 482…
2026-06-23 03:20:56,256 - INFO - [ 45%] Rendering chapter 186 of 482…
2026-06-23 03:20:58,379 - INFO - [ 46%] Rendering chapter 187 of 482…
2026-06-23 03:20:58,568 - INFO - [ 46%] Rendering chapter 188 of 482…
2026-06-23 03:20:58,587 - INFO - [ 46%] Rendering chapter 189 of 482…
2026-06-23 03:20:58,594 - INFO - [ 46%] Rendering chapter 190 of 482…
2026-06-23 03:20:58,857 - INFO - [ 46%] Rendering chapter 191 of 482…
2026-06-23 03:20:59,124 - INFO - [ 46%] Rendering chapter 192 of 482…
2026-06-23 03:20:59,702 - INFO - [ 47%] Rendering chapter 193 of 482…
2026-06-23 03:20:59,709 - INFO - [ 47%] Rendering chapter 194 of 482…
2026-06-23 03:20:59,730 - INFO - [ 47%] Rendering chapter 195 of 482…
2026-06-23 03:21:00,405 - INFO - [ 47%] Rendering chapter 196 of 482…
2026-06-23 03:21:01,718 - INFO - [ 47%] Rendering chapter 197 of 482…
2026-06-23 03:21:01,731 - INFO - [ 47%] Rendering chapter 198 of 482…
2026-06-23 03:21:02,961 - INFO - [ 48%] Rendering chapter 199 of 482…
2026-06-23 03:21:03,322 - INFO - [ 48%] Rendering chapter 200 of 482…
2026-06-23 03:21:03,953 - INFO - [ 48%] Rendering chapter 201 of 482…
2026-06-23 03:21:04,013 - INFO - [ 48%] Rendering chapter 202 of 482…
2026-06-23 03:21:04,538 - INFO - [ 48%] Rendering chapter 203 of 482…
2026-06-23 03:21:06,906 - INFO - [ 48%] Rendering chapter 204 of 482…
2026-06-23 03:21:07,008 - INFO - [ 49%] Rendering chapter 205 of 482…
2026-06-23 03:21:13,353 - INFO - [ 49%] Rendering chapter 206 of 482…
2026-06-23 03:21:14,390 - INFO - [ 49%] Rendering chapter 207 of 482…
2026-06-23 03:21:17,413 - INFO - [ 49%] Rendering chapter 208 of 482…
2026-06-23 03:21:18,973 - INFO - [ 49%] Rendering chapter 209 of 482…
2026-06-23 03:21:19,407 - INFO - [ 49%] Rendering chapter 210 of 482…
2026-06-23 03:21:19,414 - INFO - [ 50%] Rendering chapter 211 of 482…
2026-06-23 03:21:23,856 - INFO - [ 50%] Rendering chapter 212 of 482…
2026-06-23 03:21:24,685 - INFO - [ 50%] Rendering chapter 213 of 482…
2026-06-23 03:21:24,795 - INFO - [ 50%] Rendering chapter 214 of 482…
2026-06-23 03:21:26,146 - INFO - [ 50%] Rendering chapter 215 of 482…
2026-06-23 03:21:30,361 - INFO - [ 50%] Rendering chapter 216 of 482…
2026-06-23 03:21:32,797 - INFO - [ 51%] Rendering chapter 217 of 482…
2026-06-23 03:21:35,049 - INFO - [ 51%] Rendering chapter 218 of 482…
2026-06-23 03:21:38,906 - INFO - [ 51%] Rendering chapter 219 of 482…
2026-06-23 03:21:39,852 - INFO - [ 51%] Rendering chapter 220 of 482…
2026-06-23 03:21:39,896 - INFO - [ 51%] Rendering chapter 221 of 482…
2026-06-23 03:21:41,799 - INFO - [ 51%] Rendering chapter 222 of 482…
2026-06-23 03:21:41,808 - INFO - [ 52%] Rendering chapter 223 of 482…
2026-06-23 03:21:41,862 - INFO - [ 52%] Rendering chapter 224 of 482…
2026-06-23 03:21:44,436 - INFO - [ 52%] Rendering chapter 225 of 482…
2026-06-23 03:21:44,591 - INFO - [ 52%] Rendering chapter 226 of 482…
2026-06-23 03:21:45,819 - INFO - [ 52%] Rendering chapter 227 of 482…
2026-06-23 03:21:48,035 - INFO - [ 52%] Rendering chapter 228 of 482…
2026-06-23 03:21:48,389 - INFO - [ 53%] Rendering chapter 229 of 482…
2026-06-23 03:21:48,998 - INFO - [ 53%] Rendering chapter 230 of 482…
2026-06-23 03:21:49,015 - INFO - [ 53%] Rendering chapter 231 of 482…
2026-06-23 03:21:51,034 - INFO - [ 53%] Rendering chapter 232 of 482…
2026-06-23 03:21:51,733 - INFO - [ 53%] Rendering chapter 233 of 482…
2026-06-23 03:21:52,397 - INFO - [ 53%] Rendering chapter 234 of 482…
2026-06-23 03:21:52,404 - INFO - [ 54%] Rendering chapter 235 of 482…
2026-06-23 03:21:53,927 - INFO - [ 54%] Rendering chapter 236 of 482…
2026-06-23 03:21:54,648 - INFO - [ 54%] Rendering chapter 237 of 482…
2026-06-23 03:21:54,668 - INFO - [ 54%] Rendering chapter 238 of 482…
2026-06-23 03:21:56,861 - INFO - [ 54%] Rendering chapter 239 of 482…
2026-06-23 03:21:57,391 - INFO - [ 54%] Rendering chapter 240 of 482…
2026-06-23 03:21:57,664 - INFO - [ 55%] Rendering chapter 241 of 482…
2026-06-23 03:21:57,701 - INFO - [ 55%] Rendering chapter 242 of 482…
2026-06-23 03:21:58,277 - INFO - [ 55%] Rendering chapter 243 of 482…
2026-06-23 03:21:58,303 - INFO - [ 55%] Rendering chapter 244 of 482…
2026-06-23 03:21:58,598 - INFO - [ 55%] Rendering chapter 245 of 482…
2026-06-23 03:21:59,381 - INFO - [ 55%] Rendering chapter 246 of 482…
2026-06-23 03:21:59,400 - INFO - [ 55%] Rendering chapter 247 of 482…
2026-06-23 03:21:59,414 - INFO - [ 56%] Rendering chapter 248 of 482…
2026-06-23 03:22:01,429 - INFO - [ 56%] Rendering chapter 249 of 482…
2026-06-23 03:22:03,827 - INFO - [ 56%] Rendering chapter 250 of 482…
2026-06-23 03:22:04,116 - INFO - [ 56%] Rendering chapter 251 of 482…
2026-06-23 03:22:06,358 - INFO - [ 56%] Rendering chapter 252 of 482…
2026-06-23 03:22:06,885 - INFO - [ 56%] Rendering chapter 253 of 482…
2026-06-23 03:22:06,906 - INFO - [ 57%] Rendering chapter 254 of 482…
2026-06-23 03:22:07,460 - INFO - [ 57%] Rendering chapter 255 of 482…
2026-06-23 03:22:10,792 - INFO - [ 57%] Rendering chapter 256 of 482…
2026-06-23 03:22:11,602 - INFO - [ 57%] Rendering chapter 257 of 482…
2026-06-23 03:22:12,356 - INFO - [ 57%] Rendering chapter 258 of 482…
2026-06-23 03:22:13,831 - INFO - [ 57%] Rendering chapter 259 of 482…
2026-06-23 03:22:13,873 - INFO - [ 58%] Rendering chapter 260 of 482…
2026-06-23 03:22:16,022 - INFO - [ 58%] Rendering chapter 261 of 482…
2026-06-23 03:22:16,858 - INFO - [ 58%] Rendering chapter 262 of 482…
2026-06-23 03:22:16,866 - INFO - [ 58%] Rendering chapter 263 of 482…
2026-06-23 03:22:16,890 - INFO - [ 58%] Rendering chapter 264 of 482…
2026-06-23 03:22:16,933 - INFO - [ 58%] Rendering chapter 265 of 482…
2026-06-23 03:22:17,036 - INFO - [ 59%] Rendering chapter 266 of 482…
2026-06-23 03:22:17,075 - INFO - [ 59%] Rendering chapter 267 of 482…
2026-06-23 03:22:17,727 - INFO - [ 59%] Rendering chapter 268 of 482…
2026-06-23 03:22:18,079 - INFO - [ 59%] Rendering chapter 269 of 482…
2026-06-23 03:22:18,130 - INFO - [ 59%] Rendering chapter 270 of 482…
2026-06-23 03:22:18,147 - INFO - [ 59%] Rendering chapter 271 of 482…
2026-06-23 03:22:18,162 - INFO - [ 60%] Rendering chapter 272 of 482…
2026-06-23 03:22:21,149 - INFO - [ 60%] Rendering chapter 273 of 482…
2026-06-23 03:22:21,723 - INFO - [ 60%] Rendering chapter 274 of 482…
2026-06-23 03:22:21,771 - INFO - [ 60%] Rendering chapter 275 of 482…
2026-06-23 03:22:21,832 - INFO - [ 60%] Rendering chapter 276 of 482…
2026-06-23 03:22:22,218 - INFO - [ 60%] Rendering chapter 277 of 482…
2026-06-23 03:22:22,916 - INFO - [ 61%] Rendering chapter 278 of 482…
2026-06-23 03:22:22,928 - INFO - [ 61%] Rendering chapter 279 of 482…
2026-06-23 03:22:25,176 - INFO - [ 61%] Rendering chapter 280 of 482…
2026-06-23 03:22:25,213 - INFO - [ 61%] Rendering chapter 281 of 482…
2026-06-23 03:22:26,101 - INFO - [ 61%] Rendering chapter 282 of 482…
2026-06-23 03:22:26,109 - INFO - [ 61%] Rendering chapter 283 of 482…
2026-06-23 03:22:26,537 - INFO - [ 62%] Rendering chapter 284 of 482…
2026-06-23 03:22:26,845 - INFO - [ 62%] Rendering chapter 285 of 482…
2026-06-23 03:22:27,813 - INFO - [ 62%] Rendering chapter 286 of 482…
2026-06-23 03:22:27,823 - INFO - [ 62%] Rendering chapter 287 of 482…
2026-06-23 03:22:29,325 - INFO - [ 62%] Rendering chapter 288 of 482…
2026-06-23 03:22:29,370 - INFO - [ 62%] Rendering chapter 289 of 482…
2026-06-23 03:22:29,383 - INFO - [ 63%] Rendering chapter 290 of 482…
2026-06-23 03:22:35,203 - INFO - [ 63%] Rendering chapter 291 of 482…
2026-06-23 03:22:36,430 - INFO - [ 63%] Rendering chapter 292 of 482…
2026-06-23 03:22:37,256 - INFO - [ 63%] Rendering chapter 293 of 482…
2026-06-23 03:22:37,300 - INFO - [ 63%] Rendering chapter 294 of 482…
2026-06-23 03:22:37,401 - INFO - [ 63%] Rendering chapter 295 of 482…
2026-06-23 03:22:38,748 - INFO - [ 64%] Rendering chapter 296 of 482…
2026-06-23 03:22:39,501 - INFO - [ 64%] Rendering chapter 297 of 482…
2026-06-23 03:22:39,508 - INFO - [ 64%] Rendering chapter 298 of 482…
2026-06-23 03:22:46,534 - INFO - [ 64%] Rendering chapter 299 of 482…
2026-06-23 03:22:48,396 - INFO - [ 64%] Rendering chapter 300 of 482…
2026-06-23 03:22:50,099 - INFO - [ 64%] Rendering chapter 301 of 482…
2026-06-23 03:22:50,142 - INFO - [ 65%] Rendering chapter 302 of 482…
2026-06-23 03:22:50,222 - INFO - [ 65%] Rendering chapter 303 of 482…
2026-06-23 03:22:57,620 - INFO - [ 65%] Rendering chapter 304 of 482…
2026-06-23 03:22:59,743 - INFO - [ 65%] Rendering chapter 305 of 482…
2026-06-23 03:23:00,384 - INFO - [ 65%] Rendering chapter 306 of 482…
2026-06-23 03:23:00,394 - INFO - [ 65%] Rendering chapter 307 of 482…
2026-06-23 03:23:01,929 - INFO - [ 66%] Rendering chapter 308 of 482…
2026-06-23 03:23:06,025 - INFO - [ 66%] Rendering chapter 309 of 482…
2026-06-23 03:23:06,167 - INFO - [ 66%] Rendering chapter 310 of 482…
2026-06-23 03:23:06,212 - INFO - [ 66%] Rendering chapter 311 of 482…
2026-06-23 03:23:11,655 - INFO - [ 66%] Rendering chapter 312 of 482…
2026-06-23 03:23:13,247 - INFO - [ 66%] Rendering chapter 313 of 482…
2026-06-23 03:23:13,292 - INFO - [ 67%] Rendering chapter 314 of 482…
2026-06-23 03:23:18,913 - INFO - [ 67%] Rendering chapter 315 of 482…
2026-06-23 03:23:19,783 - INFO - [ 67%] Rendering chapter 316 of 482…
2026-06-23 03:23:20,870 - INFO - [ 67%] Rendering chapter 317 of 482…
2026-06-23 03:23:20,889 - INFO - [ 67%] Rendering chapter 318 of 482…
2026-06-23 03:23:28,351 - INFO - [ 67%] Rendering chapter 319 of 482…
2026-06-23 03:23:29,169 - INFO - [ 68%] Rendering chapter 320 of 482…
2026-06-23 03:23:29,288 - INFO - [ 68%] Rendering chapter 321 of 482…
2026-06-23 03:23:31,295 - INFO - [ 68%] Rendering chapter 322 of 482…
2026-06-23 03:23:53,065 - INFO - [ 68%] Rendering chapter 323 of 482…
2026-06-23 03:23:53,864 - INFO - [ 68%] Rendering chapter 324 of 482…
2026-06-23 03:23:53,885 - INFO - [ 68%] Rendering chapter 325 of 482…
2026-06-23 03:23:58,800 - INFO - [ 69%] Rendering chapter 326 of 482…
2026-06-23 03:24:02,289 - INFO - [ 69%] Rendering chapter 327 of 482…
2026-06-23 03:24:02,336 - INFO - [ 69%] Rendering chapter 328 of 482…
2026-06-23 03:24:05,427 - INFO - [ 69%] Rendering chapter 329 of 482…
2026-06-23 03:24:06,851 - INFO - [ 69%] Rendering chapter 330 of 482…
2026-06-23 03:24:10,801 - INFO - [ 69%] Rendering chapter 331 of 482…
2026-06-23 03:24:24,128 - INFO - [ 70%] Rendering chapter 332 of 482…
2026-06-23 03:24:31,070 - INFO - [ 70%] Rendering chapter 333 of 482…
2026-06-23 03:24:31,630 - INFO - [ 70%] Rendering chapter 334 of 482…
2026-06-23 03:24:31,652 - INFO - [ 70%] Rendering chapter 335 of 482…
2026-06-23 03:24:34,286 - INFO - [ 70%] Rendering chapter 336 of 482…
2026-06-23 03:24:35,573 - INFO - [ 70%] Rendering chapter 337 of 482…
2026-06-23 03:24:36,201 - INFO - [ 71%] Rendering chapter 338 of 482…
2026-06-23 03:24:37,008 - INFO - [ 71%] Rendering chapter 339 of 482…
2026-06-23 03:24:42,098 - INFO - [ 71%] Rendering chapter 340 of 482…
2026-06-23 03:24:42,940 - INFO - [ 71%] Rendering chapter 341 of 482…
2026-06-23 03:24:43,449 - INFO - [ 71%] Rendering chapter 342 of 482…
2026-06-23 03:24:43,516 - INFO - [ 71%] Rendering chapter 343 of 482…
2026-06-23 03:24:46,447 - INFO - [ 72%] Rendering chapter 344 of 482…
2026-06-23 03:24:48,204 - INFO - [ 72%] Rendering chapter 345 of 482…
2026-06-23 03:24:50,046 - INFO - [ 72%] Rendering chapter 346 of 482…
2026-06-23 03:24:51,524 - INFO - [ 72%] Rendering chapter 347 of 482…
2026-06-23 03:24:55,498 - INFO - [ 72%] Rendering chapter 348 of 482…
2026-06-23 03:24:56,643 - INFO - [ 72%] Rendering chapter 349 of 482…
2026-06-23 03:24:56,718 - INFO - [ 73%] Rendering chapter 350 of 482…
2026-06-23 03:24:56,790 - INFO - [ 73%] Rendering chapter 351 of 482…
2026-06-23 03:24:57,162 - INFO - [ 73%] Rendering chapter 352 of 482…
2026-06-23 03:24:57,676 - INFO - [ 73%] Rendering chapter 353 of 482…
2026-06-23 03:24:57,692 - INFO - [ 73%] Rendering chapter 354 of 482…
2026-06-23 03:25:04,617 - INFO - [ 73%] Rendering chapter 355 of 482…
2026-06-23 03:25:11,266 - INFO - [ 74%] Rendering chapter 356 of 482…
2026-06-23 03:25:11,336 - INFO - [ 74%] Rendering chapter 357 of 482…
2026-06-23 03:25:15,908 - INFO - [ 74%] Rendering chapter 358 of 482…
2026-06-23 03:25:36,847 - INFO - [ 74%] Rendering chapter 359 of 482…
2026-06-23 03:25:37,291 - INFO - [ 74%] Rendering chapter 360 of 482…
2026-06-23 03:25:38,248 - INFO - [ 74%] Rendering chapter 361 of 482…
2026-06-23 03:25:38,262 - INFO - [ 75%] Rendering chapter 362 of 482…
2026-06-23 03:25:38,325 - INFO - [ 75%] Rendering chapter 363 of 482…
2026-06-23 03:25:41,939 - INFO - [ 75%] Rendering chapter 364 of 482…
2026-06-23 03:25:41,971 - INFO - [ 75%] Rendering chapter 365 of 482…
2026-06-23 03:25:42,390 - INFO - [ 75%] Rendering chapter 366 of 482…
2026-06-23 03:25:42,401 - INFO - [ 75%] Rendering chapter 367 of 482…
2026-06-23 03:25:42,762 - INFO - [ 76%] Rendering chapter 368 of 482…
2026-06-23 03:25:42,829 - INFO - [ 76%] Rendering chapter 369 of 482…
2026-06-23 03:25:45,353 - INFO - [ 76%] Rendering chapter 370 of 482…
2026-06-23 03:25:48,414 - INFO - [ 76%] Rendering chapter 371 of 482…
2026-06-23 03:25:48,905 - INFO - [ 76%] Rendering chapter 372 of 482…
2026-06-23 03:25:48,987 - INFO - [ 76%] Rendering chapter 373 of 482…
2026-06-23 03:25:49,062 - INFO - [ 77%] Rendering chapter 374 of 482…
2026-06-23 03:25:49,093 - INFO - [ 77%] Rendering chapter 375 of 482…
2026-06-23 03:25:49,149 - INFO - [ 77%] Rendering chapter 376 of 482…
2026-06-23 03:25:54,417 - INFO - [ 77%] Rendering chapter 377 of 482…
2026-06-23 03:25:55,900 - INFO - [ 77%] Rendering chapter 378 of 482…
2026-06-23 03:25:56,200 - INFO - [ 77%] Rendering chapter 379 of 482…
2026-06-23 03:25:56,827 - INFO - [ 78%] Rendering chapter 380 of 482…
2026-06-23 03:25:56,836 - INFO - [ 78%] Rendering chapter 381 of 482…
2026-06-23 03:25:58,303 - INFO - [ 78%] Rendering chapter 382 of 482…
2026-06-23 03:25:58,328 - INFO - [ 78%] Rendering chapter 383 of 482…
2026-06-23 03:26:01,086 - INFO - [ 78%] Rendering chapter 384 of 482…
2026-06-23 03:26:01,109 - INFO - [ 78%] Rendering chapter 385 of 482…
2026-06-23 03:26:01,118 - INFO - [ 79%] Rendering chapter 386 of 482…
2026-06-23 03:26:01,130 - INFO - [ 79%] Rendering chapter 387 of 482…
2026-06-23 03:26:01,196 - INFO - [ 79%] Rendering chapter 388 of 482…
2026-06-23 03:26:01,233 - INFO - [ 79%] Rendering chapter 389 of 482…
2026-06-23 03:26:06,804 - INFO - [ 79%] Rendering chapter 390 of 482…
2026-06-23 03:26:09,078 - INFO - [ 79%] Rendering chapter 391 of 482…
2026-06-23 03:26:10,820 - INFO - [ 80%] Rendering chapter 392 of 482…
2026-06-23 03:26:11,228 - INFO - [ 80%] Rendering chapter 393 of 482…
2026-06-23 03:26:11,794 - INFO - [ 80%] Rendering chapter 394 of 482…
2026-06-23 03:26:11,806 - INFO - [ 80%] Rendering chapter 395 of 482…
2026-06-23 03:26:12,378 - INFO - [ 80%] Rendering chapter 396 of 482…
2026-06-23 03:26:20,509 - INFO - [ 80%] Rendering chapter 397 of 482…
2026-06-23 03:26:22,058 - INFO - [ 81%] Rendering chapter 398 of 482…
2026-06-23 03:26:29,123 - INFO - [ 81%] Rendering chapter 399 of 482…
2026-06-23 03:26:36,063 - INFO - [ 81%] Rendering chapter 400 of 482…
2026-06-23 03:26:36,100 - INFO - [ 81%] Rendering chapter 401 of 482…
2026-06-23 03:26:37,171 - INFO - [ 81%] Rendering chapter 402 of 482…
2026-06-23 03:26:37,220 - INFO - [ 81%] Rendering chapter 403 of 482…
2026-06-23 03:26:39,063 - INFO - [ 82%] Rendering chapter 404 of 482…
2026-06-23 03:26:39,083 - INFO - [ 82%] Rendering chapter 405 of 482…
2026-06-23 03:26:39,127 - INFO - [ 82%] Rendering chapter 406 of 482…
2026-06-23 03:26:46,019 - INFO - [ 82%] Rendering chapter 407 of 482…
2026-06-23 03:26:46,252 - INFO - [ 82%] Rendering chapter 408 of 482…
2026-06-23 03:26:47,785 - INFO - [ 82%] Rendering chapter 409 of 482…
2026-06-23 03:26:48,302 - INFO - [ 83%] Rendering chapter 410 of 482…
2026-06-23 03:26:49,280 - INFO - [ 83%] Rendering chapter 411 of 482…
2026-06-23 03:26:49,314 - INFO - [ 83%] Rendering chapter 412 of 482…
2026-06-23 03:26:49,905 - INFO - [ 83%] Rendering chapter 413 of 482…
2026-06-23 03:26:49,937 - INFO - [ 83%] Rendering chapter 414 of 482…
2026-06-23 03:26:49,963 - INFO - [ 83%] Rendering chapter 415 of 482…
2026-06-23 03:26:50,015 - INFO - [ 84%] Rendering chapter 416 of 482…
2026-06-23 03:26:50,082 - INFO - [ 84%] Rendering chapter 417 of 482…
2026-06-23 03:26:50,697 - INFO - [ 84%] Rendering chapter 418 of 482…
2026-06-23 03:26:51,246 - INFO - [ 84%] Rendering chapter 419 of 482…
2026-06-23 03:26:51,275 - INFO - [ 84%] Rendering chapter 420 of 482…
2026-06-23 03:26:51,289 - INFO - [ 84%] Rendering chapter 421 of 482…
2026-06-23 03:26:51,305 - INFO - [ 85%] Rendering chapter 422 of 482…
2026-06-23 03:26:51,314 - INFO - [ 85%] Rendering chapter 423 of 482…
2026-06-23 03:26:51,349 - INFO - [ 85%] Rendering chapter 424 of 482…
2026-06-23 03:26:52,477 - INFO - [ 85%] Rendering chapter 425 of 482…
2026-06-23 03:26:52,519 - INFO - [ 85%] Rendering chapter 426 of 482…
2026-06-23 03:26:53,153 - INFO - [ 85%] Rendering chapter 427 of 482…
2026-06-23 03:26:53,232 - INFO - [ 86%] Rendering chapter 428 of 482…
2026-06-23 03:26:53,654 - INFO - [ 86%] Rendering chapter 429 of 482…
2026-06-23 03:26:54,774 - INFO - [ 86%] Rendering chapter 430 of 482…
2026-06-23 03:26:54,787 - INFO - [ 86%] Rendering chapter 431 of 482…
2026-06-23 03:26:54,837 - INFO - [ 86%] Rendering chapter 432 of 482…
2026-06-23 03:26:54,937 - INFO - [ 86%] Rendering chapter 433 of 482…
2026-06-23 03:26:56,000 - INFO - [ 87%] Rendering chapter 434 of 482…
2026-06-23 03:26:56,831 - INFO - [ 87%] Rendering chapter 435 of 482…
2026-06-23 03:26:56,846 - INFO - [ 87%] Rendering chapter 436 of 482…
2026-06-23 03:26:57,308 - INFO - [ 87%] Rendering chapter 437 of 482…
2026-06-23 03:26:59,759 - INFO - [ 87%] Rendering chapter 438 of 482…
2026-06-23 03:27:00,586 - INFO - [ 87%] Rendering chapter 439 of 482…
2026-06-23 03:27:00,608 - INFO - [ 88%] Rendering chapter 440 of 482…
2026-06-23 03:27:03,228 - INFO - [ 88%] Rendering chapter 441 of 482…
2026-06-23 03:27:03,234 - INFO - [ 88%] Rendering chapter 442 of 482…
2026-06-23 03:27:03,252 - INFO - [ 88%] Rendering chapter 443 of 482…
2026-06-23 03:27:03,302 - INFO - [ 88%] Rendering chapter 444 of 482…
2026-06-23 03:27:03,988 - INFO - [ 88%] Rendering chapter 445 of 482…
2026-06-23 03:27:04,349 - INFO - [ 89%] Rendering chapter 446 of 482…
2026-06-23 03:27:04,988 - INFO - [ 89%] Rendering chapter 447 of 482…
2026-06-23 03:27:05,352 - INFO - [ 89%] Rendering chapter 448 of 482…
2026-06-23 03:27:08,594 - INFO - [ 89%] Rendering chapter 449 of 482…
2026-06-23 03:27:21,879 - INFO - [ 89%] Rendering chapter 450 of 482…
2026-06-23 03:27:23,404 - INFO - [ 89%] Rendering chapter 451 of 482…
2026-06-23 03:27:26,706 - INFO - [ 90%] Rendering chapter 452 of 482…
2026-06-23 03:27:27,679 - INFO - [ 90%] Rendering chapter 453 of 482…
2026-06-23 03:27:27,685 - INFO - [ 90%] Rendering chapter 454 of 482…
2026-06-23 03:27:28,541 - INFO - [ 90%] Rendering chapter 455 of 482…
2026-06-23 03:27:28,556 - INFO - [ 90%] Rendering chapter 456 of 482…
2026-06-23 03:27:33,717 - INFO - [ 90%] Rendering chapter 457 of 482…
2026-06-23 03:27:35,038 - INFO - [ 91%] Rendering chapter 458 of 482…
2026-06-23 03:27:35,671 - INFO - [ 91%] Rendering chapter 459 of 482…
2026-06-23 03:27:35,682 - INFO - [ 91%] Rendering chapter 460 of 482…
2026-06-23 03:27:35,702 - INFO - [ 91%] Rendering chapter 461 of 482…
2026-06-23 03:27:36,232 - INFO - [ 91%] Rendering chapter 462 of 482…
2026-06-23 03:27:36,748 - INFO - [ 91%] Rendering chapter 463 of 482…
2026-06-23 03:27:37,886 - INFO - [ 92%] Rendering chapter 464 of 482…
2026-06-23 03:27:39,711 - INFO - [ 92%] Rendering chapter 465 of 482…
2026-06-23 03:27:41,983 - INFO - [ 92%] Rendering chapter 466 of 482…
2026-06-23 03:27:42,000 - INFO - [ 92%] Rendering chapter 467 of 482…
2026-06-23 03:27:42,015 - INFO - [ 92%] Rendering chapter 468 of 482…
2026-06-23 03:27:51,358 - INFO - [ 92%] Rendering chapter 469 of 482…
2026-06-23 03:27:51,786 - INFO - [ 93%] Rendering chapter 470 of 482…
2026-06-23 03:27:51,796 - INFO - [ 93%] Rendering chapter 471 of 482…
2026-06-23 03:27:52,362 - INFO - [ 93%] Rendering chapter 472 of 482…
2026-06-23 03:27:52,926 - INFO - [ 93%] Rendering chapter 473 of 482…
2026-06-23 03:27:52,939 - INFO - [ 93%] Rendering chapter 474 of 482…
2026-06-23 03:27:53,951 - INFO - [ 93%] Rendering chapter 475 of 482…
2026-06-23 03:27:55,063 - INFO - [ 94%] Rendering chapter 476 of 482…
2026-06-23 03:27:56,909 - INFO - [ 94%] Rendering chapter 477 of 482…
2026-06-23 03:27:57,520 - INFO - [ 94%] Rendering chapter 478 of 482…
2026-06-23 03:27:57,903 - INFO - [ 94%] Rendering chapter 479 of 482…
2026-06-23 03:27:58,064 - INFO - [ 94%] Rendering chapter 480 of 482…
2026-06-23 03:27:59,779 - INFO - [ 94%] Rendering chapter 481 of 482…
2026-06-23 03:28:00,353 - INFO - [ 95%] Rendering chapter 482 of 482…
2026-06-23 03:28:00,426 - INFO - [ 96%] Assembling PDF…
2026-06-23 03:28:15,677 - INFO - [100%] Done
2026-06-23 03:28:15,678 - INFO - PDF written: C:/Users/Adrian PG/Downloads/Emergency Care and Transportation of the Sick and Injured -- American Academy of Orthopaedic Surgeons (AAOS) Staff -- 12, 2021-02-19 -- Jones & -- isbn13 9781284204308 -- 26b31ec1f824ded4cfd04ef636f06144 -- An.pdf
2026-06-26 07:26:43,340 - INFO - [  0%] Validating…
2026-06-26 07:26:43,341 - ERROR - Input file not found: C:\Users\Adrian PG\AppData\Local\Temp\pytest-of-Adrian PG\pytest-139\test_missing_input_returns_fal0\nope.epub
2026-06-26 07:26:43,341 - INFO - [  0%] Validating…
2026-06-26 07:26:43,342 - ERROR - Input file not found: C:\Users\Adrian PG\AppData\Local\Temp\pytest-of-Adrian PG\pytest-139\test_missing_input_returns_fal0\nope.pdf
2026-06-26 07:26:43,753 - INFO - [  0%] Validating…
2026-06-26 07:26:43,754 - ERROR - Expected a .epub file: C:\Users\Adrian PG\AppData\Local\Temp\pytest-of-Adrian PG\pytest-139\test_wrong_extension_returns_f0\sample.pdf
2026-06-26 07:26:43,754 - INFO - [  0%] Validating…
2026-06-26 07:26:43,755 - ERROR - Expected a .pdf file: C:\Users\Adrian PG\AppData\Local\Temp\pytest-of-Adrian PG\pytest-139\test_wrong_extension_returns_f0\sample.epub
2026-06-26 07:26:43,759 - INFO - [  0%] Validating…
2026-06-26 07:26:43,760 - ERROR - Input file is empty: C:\Users\Adrian PG\AppData\Local\Temp\pytest-of-Adrian PG\pytest-139\test_empty_input_returns_false0\empty.epub
2026-06-26 07:26:43,768 - INFO - [  0%] Validating…
2026-06-26 07:26:43,769 - ERROR - Output directory does not exist: C:\Users\Adrian PG\AppData\Local\Temp\pytest-of-Adrian PG\pytest-139\test_bad_output_dir_returns_fa0\does\not\exist
2026-06-26 07:26:43,775 - INFO - [  0%] Validating…
2026-06-26 07:26:43,777 - INFO - [  3%] Opening EPUB…
2026-06-26 07:26:43,794 - INFO - [  6%] Extracting images…
2026-06-26 07:26:44,211 - INFO - [ 41%] Rendering chapter 1 of 3…
2026-06-26 07:26:44,226 - INFO - [ 68%] Rendering chapter 2 of 3…
2026-06-26 07:26:44,230 - INFO - [ 95%] Rendering chapter 3 of 3…
2026-06-26 07:26:44,234 - INFO - [ 96%] Assembling PDF…
2026-06-26 07:26:44,313 - INFO - [100%] Done
2026-06-26 07:26:44,313 - INFO - PDF written: C:\Users\Adrian PG\AppData\Local\Temp\pytest-of-Adrian PG\pytest-139\test_epub_to_pdf_produces_vali0\out.pdf
2026-06-26 07:26:44,341 - INFO - [  0%] Validating…
2026-06-26 07:26:44,343 - INFO - [  3%] Opening PDF…
2026-06-26 07:26:44,366 - INFO - [ 90%] Converting page 1 of 1…
2026-06-26 07:26:44,366 - INFO - [ 92%] Writing EPUB…
2026-06-26 07:26:44,369 - INFO - [100%] Done
2026-06-26 07:26:44,369 - INFO - EPUB written: C:\Users\Adrian PG\AppData\Local\Temp\pytest-of-Adrian PG\pytest-139\test_pdf_to_epub_produces_vali0\out.epub
2026-06-26 07:26:44,404 - INFO - [  0%] Validating…
2026-06-26 07:26:44,405 - INFO - [  3%] Opening EPUB…
2026-06-26 07:26:44,420 - INFO - [  6%] Extracting images…
2026-06-26 07:26:44,426 - INFO - [ 55%] Rendering chapter 1 of 2…
2026-06-26 07:26:44,464 - INFO - [ 95%] Rendering chapter 2 of 2…
2026-06-26 07:26:44,466 - INFO - [ 96%] Assembling PDF…
2026-06-26 07:26:44,515 - INFO - [100%] Done
2026-06-26 07:26:44,515 - INFO - PDF written: C:\Users\Adrian PG\AppData\Local\Temp\pytest-of-Adrian PG\pytest-139\test_epub_to_pdf_handles_overs0\big.pdf
2026-06-26 07:26:44,535 - INFO - [  0%] Validating…
2026-06-26 07:26:44,536 - INFO - [  3%] Opening EPUB…
2026-06-26 07:26:44,552 - INFO - [  6%] Extracting images…
2026-06-26 07:26:44,558 - INFO - [ 41%] Rendering chapter 1 of 3…
2026-06-26 07:26:44,563 - INFO - [ 68%] Rendering chapter 2 of 3…
2026-06-26 07:26:44,567 - INFO - [ 95%] Rendering chapter 3 of 3…
2026-06-26 07:26:44,569 - INFO - [ 96%] Assembling PDF…
2026-06-26 07:26:44,628 - INFO - [100%] Done
2026-06-26 07:26:44,628 - INFO - PDF written: C:\Users\Adrian PG\AppData\Local\Temp\pytest-of-Adrian PG\pytest-139\test_round_trip_preserves_imag0\mid.pdf
2026-06-26 07:26:44,631 - INFO - [  0%] Validating…
2026-06-26 07:26:44,633 - INFO - [  3%] Opening PDF…
2026-06-26 07:26:44,647 - INFO - [ 22%] Converting page 1 of 5…
2026-06-26 07:26:44,649 - INFO - [ 39%] Converting page 2 of 5…
2026-06-26 07:26:44,650 - INFO - [ 56%] Converting page 3 of 5…
2026-06-26 07:26:44,653 - INFO - [ 73%] Converting page 4 of 5…
2026-06-26 07:26:44,656 - INFO - [ 90%] Converting page 5 of 5…
2026-06-26 07:26:44,656 - INFO - [ 92%] Writing EPUB…
2026-06-26 07:26:44,660 - INFO - [100%] Done
2026-06-26 07:26:44,660 - INFO - EPUB written: C:\Users\Adrian PG\AppData\Local\Temp\pytest-of-Adrian PG\pytest-139\test_round_trip_preserves_imag0\back.epub
2026-06-26 07:26:44,686 - INFO - [  0%] Validating…
2026-06-26 07:26:44,688 - INFO - [  3%] Opening PDF…
2026-06-26 07:26:44,699 - INFO - pdf_to_epub cancelled by user
2026-06-26 07:26:44,699 - INFO - [  0%] Cancelled
2026-06-26 07:26:44,705 - INFO - [  0%] Validating…
2026-06-26 07:26:44,706 - INFO - [  3%] Opening PDF…
2026-06-26 07:26:44,722 - ERROR - pdf_to_epub failed: Failed to open file 'C:\\Users\\Adrian PG\\AppData\\Local\\Temp\\pytest-of-Adrian PG\\pytest-139\\test_failure_leaves_no_partial0\\bogus.pdf'.
Traceback (most recent call last):
  File "C:\Users\Adrian PG\OneDrive\Desktop\general keep up\study application\.venv\Lib\site-packages\pymupdf\__init__.py", line 3009, in __init__
    doc = mupdf.fz_open_document(filename)
  File "C:\Users\Adrian PG\OneDrive\Desktop\general keep up\study application\.venv\Lib\site-packages\pymupdf\mupdf.py", line 50790, in fz_open_document
    return _mupdf.fz_open_document(filename)
           ~~~~~~~~~~~~~~~~~~~~~~~^^^^^^^^^^
pymupdf.mupdf.FzErrorFormat: code=7: no objects found

The above exception was the direct cause of the following exception:

Traceback (most recent call last):
  File "C:\Users\Adrian PG\OneDrive\Desktop\general keep up\study application\converter\converter.py", line 617, in pdf_to_epub
    ok = _pdf_to_epub_streaming(
        pdf_path, tmp_out, opts, work_dir, progress_callback, cancel_callback
    )
  File "C:\Users\Adrian PG\OneDrive\Desktop\general keep up\study application\converter\converter.py", line 661, in _pdf_to_epub_streaming
    doc = fitz.open(pdf_path)
  File "C:\Users\Adrian PG\OneDrive\Desktop\general keep up\study application\.venv\Lib\site-packages\pymupdf\__init__.py", line 3012, in __init__
    raise FileDataError(f'Failed to open file {filename!r}.') from e
pymupdf.FileDataError: Failed to open file 'C:\\Users\\Adrian PG\\AppData\\Local\\Temp\\pytest-of-Adrian PG\\pytest-139\\test_failure_leaves_no_partial0\\bogus.pdf'.
2026-07-03 20:28:43,239 - INFO - [  0%] Validating…
2026-07-03 20:28:43,239 - ERROR - Input file not found: C:\Users\Adrian PG\AppData\Local\Temp\pytest-of-Adrian PG\pytest-172\test_missing_input_returns_fal0\nope.epub
2026-07-03 20:28:43,240 - INFO - [  0%] Validating…
2026-07-03 20:28:43,240 - ERROR - Input file not found: C:\Users\Adrian PG\AppData\Local\Temp\pytest-of-Adrian PG\pytest-172\test_missing_input_returns_fal0\nope.pdf
2026-07-03 20:28:43,587 - INFO - [  0%] Validating…
2026-07-03 20:28:43,588 - ERROR - Expected a .epub file: C:\Users\Adrian PG\AppData\Local\Temp\pytest-of-Adrian PG\pytest-172\test_wrong_extension_returns_f0\sample.pdf
2026-07-03 20:28:43,588 - INFO - [  0%] Validating…
2026-07-03 20:28:43,588 - ERROR - Expected a .pdf file: C:\Users\Adrian PG\AppData\Local\Temp\pytest-of-Adrian PG\pytest-172\test_wrong_extension_returns_f0\sample.epub
2026-07-03 20:28:43,594 - INFO - [  0%] Validating…
2026-07-03 20:28:43,594 - ERROR - Input file is empty: C:\Users\Adrian PG\AppData\Local\Temp\pytest-of-Adrian PG\pytest-172\test_empty_input_returns_false0\empty.epub
2026-07-03 20:28:43,602 - INFO - [  0%] Validating…
2026-07-03 20:28:43,603 - ERROR - Output directory does not exist: C:\Users\Adrian PG\AppData\Local\Temp\pytest-of-Adrian PG\pytest-172\test_bad_output_dir_returns_fa0\does\not\exist
2026-07-03 20:28:43,613 - INFO - [  0%] Validating…
2026-07-03 20:28:43,614 - INFO - [  3%] Opening EPUB…
2026-07-03 20:28:43,630 - INFO - [  6%] Extracting images…
2026-07-03 20:28:43,932 - INFO - [ 41%] Rendering chapter 1 of 3…
2026-07-03 20:28:43,944 - INFO - [ 68%] Rendering chapter 2 of 3…
2026-07-03 20:28:43,948 - INFO - [ 95%] Rendering chapter 3 of 3…
2026-07-03 20:28:43,950 - INFO - [ 96%] Assembling PDF…
2026-07-03 20:28:44,014 - INFO - [100%] Done
2026-07-03 20:28:44,014 - INFO - PDF written: C:\Users\Adrian PG\AppData\Local\Temp\pytest-of-Adrian PG\pytest-172\test_epub_to_pdf_produces_vali0\out.pdf
2026-07-03 20:28:44,045 - INFO - [  0%] Validating…
2026-07-03 20:28:44,047 - INFO - [  3%] Opening PDF…
2026-07-03 20:28:44,073 - INFO - [ 90%] Converting page 1 of 1…
2026-07-03 20:28:44,073 - INFO - [ 92%] Writing EPUB…
2026-07-03 20:28:44,076 - INFO - [100%] Done
2026-07-03 20:28:44,076 - INFO - EPUB written: C:\Users\Adrian PG\AppData\Local\Temp\pytest-of-Adrian PG\pytest-172\test_pdf_to_epub_produces_vali0\out.epub
2026-07-03 20:28:44,118 - INFO - [  0%] Validating…
2026-07-03 20:28:44,120 - INFO - [  3%] Opening EPUB…
2026-07-03 20:28:44,134 - INFO - [  6%] Extracting images…
2026-07-03 20:28:44,140 - INFO - [ 55%] Rendering chapter 1 of 2…
2026-07-03 20:28:44,175 - INFO - [ 95%] Rendering chapter 2 of 2…
2026-07-03 20:28:44,178 - INFO - [ 96%] Assembling PDF…
2026-07-03 20:28:44,222 - INFO - [100%] Done
2026-07-03 20:28:44,222 - INFO - PDF written: C:\Users\Adrian PG\AppData\Local\Temp\pytest-of-Adrian PG\pytest-172\test_epub_to_pdf_handles_overs0\big.pdf
2026-07-03 20:28:44,242 - INFO - [  0%] Validating…
2026-07-03 20:28:44,244 - INFO - [  3%] Opening EPUB…
2026-07-03 20:28:44,257 - INFO - [  6%] Extracting images…
2026-07-03 20:28:44,263 - INFO - [ 41%] Rendering chapter 1 of 3…
2026-07-03 20:28:44,269 - INFO - [ 68%] Rendering chapter 2 of 3…
2026-07-03 20:28:44,274 - INFO - [ 95%] Rendering chapter 3 of 3…
2026-07-03 20:28:44,276 - INFO - [ 96%] Assembling PDF…
2026-07-03 20:28:44,332 - INFO - [100%] Done
2026-07-03 20:28:44,332 - INFO - PDF written: C:\Users\Adrian PG\AppData\Local\Temp\pytest-of-Adrian PG\pytest-172\test_round_trip_preserves_imag0\mid.pdf
2026-07-03 20:28:44,336 - INFO - [  0%] Validating…
2026-07-03 20:28:44,338 - INFO - [  3%] Opening PDF…
2026-07-03 20:28:44,352 - INFO - [ 22%] Converting page 1 of 5…
2026-07-03 20:28:44,353 - INFO - [ 39%] Converting page 2 of 5…
2026-07-03 20:28:44,355 - INFO - [ 56%] Converting page 3 of 5…
2026-07-03 20:28:44,358 - INFO - [ 73%] Converting page 4 of 5…
2026-07-03 20:28:44,359 - INFO - [ 90%] Converting page 5 of 5…
2026-07-03 20:28:44,360 - INFO - [ 92%] Writing EPUB…
2026-07-03 20:28:44,364 - INFO - [100%] Done
2026-07-03 20:28:44,364 - INFO - EPUB written: C:\Users\Adrian PG\AppData\Local\Temp\pytest-of-Adrian PG\pytest-172\test_round_trip_preserves_imag0\back.epub
2026-07-03 20:28:44,393 - INFO - [  0%] Validating…
2026-07-03 20:28:44,394 - INFO - [  3%] Opening PDF…
2026-07-03 20:28:44,406 - INFO - pdf_to_epub cancelled by user
2026-07-03 20:28:44,406 - INFO - [  0%] Cancelled
2026-07-03 20:28:44,413 - INFO - [  0%] Validating…
2026-07-03 20:28:44,414 - INFO - [  3%] Opening PDF…
2026-07-03 20:28:44,428 - ERROR - pdf_to_epub failed: Failed to open file 'C:\\Users\\Adrian PG\\AppData\\Local\\Temp\\pytest-of-Adrian PG\\pytest-172\\test_failure_leaves_no_partial0\\bogus.pdf'.
Traceback (most recent call last):
  File "C:\Users\Adrian PG\OneDrive\Desktop\general keep up\study application\.venv\Lib\site-packages\pymupdf\__init__.py", line 3009, in __init__
    doc = mupdf.fz_open_document(filename)
  File "C:\Users\Adrian PG\OneDrive\Desktop\general keep up\study application\.venv\Lib\site-packages\pymupdf\mupdf.py", line 50790, in fz_open_document
    return _mupdf.fz_open_document(filename)
           ~~~~~~~~~~~~~~~~~~~~~~~^^^^^^^^^^
pymupdf.mupdf.FzErrorFormat: code=7: no objects found

The above exception was the direct cause of the following exception:

Traceback (most recent call last):
  File "C:\Users\Adrian PG\OneDrive\Desktop\general keep up\study application\converter\converter.py", line 617, in pdf_to_epub
    ok = _pdf_to_epub_streaming(
        pdf_path, tmp_out, opts, work_dir, progress_callback, cancel_callback
    )
  File "C:\Users\Adrian PG\OneDrive\Desktop\general keep up\study application\converter\converter.py", line 661, in _pdf_to_epub_streaming
    doc = fitz.open(pdf_path)
  File "C:\Users\Adrian PG\OneDrive\Desktop\general keep up\study application\.venv\Lib\site-packages\pymupdf\__init__.py", line 3012, in __init__
    raise FileDataError(f'Failed to open file {filename!r}.') from e
pymupdf.FileDataError: Failed to open file 'C:\\Users\\Adrian PG\\AppData\\Local\\Temp\\pytest-of-Adrian PG\\pytest-172\\test_failure_leaves_no_partial0\\bogus.pdf'.
2026-07-03 20:36:36,868 - INFO - [  0%] Validating…
2026-07-03 20:36:36,869 - ERROR - Input file not found: C:\Users\Adrian PG\AppData\Local\Temp\pytest-of-Adrian PG\pytest-173\test_missing_input_returns_fal0\nope.epub
2026-07-03 20:36:36,869 - INFO - [  0%] Validating…
2026-07-03 20:36:36,869 - ERROR - Input file not found: C:\Users\Adrian PG\AppData\Local\Temp\pytest-of-Adrian PG\pytest-173\test_missing_input_returns_fal0\nope.pdf
2026-07-03 20:36:37,085 - INFO - [  0%] Validating…
2026-07-03 20:36:37,086 - ERROR - Expected a .epub file: C:\Users\Adrian PG\AppData\Local\Temp\pytest-of-Adrian PG\pytest-173\test_wrong_extension_returns_f0\sample.pdf
2026-07-03 20:36:37,086 - INFO - [  0%] Validating…
2026-07-03 20:36:37,086 - ERROR - Expected a .pdf file: C:\Users\Adrian PG\AppData\Local\Temp\pytest-of-Adrian PG\pytest-173\test_wrong_extension_returns_f0\sample.epub
2026-07-03 20:36:37,092 - INFO - [  0%] Validating…
2026-07-03 20:36:37,092 - ERROR - Input file is empty: C:\Users\Adrian PG\AppData\Local\Temp\pytest-of-Adrian PG\pytest-173\test_empty_input_returns_false0\empty.epub
2026-07-03 20:36:37,101 - INFO - [  0%] Validating…
2026-07-03 20:36:37,102 - ERROR - Output directory does not exist: C:\Users\Adrian PG\AppData\Local\Temp\pytest-of-Adrian PG\pytest-173\test_bad_output_dir_returns_fa0\does\not\exist
2026-07-03 20:36:37,110 - INFO - [  0%] Validating…
2026-07-03 20:36:37,112 - INFO - [  3%] Opening EPUB…
2026-07-03 20:36:37,127 - INFO - [  6%] Extracting images…
2026-07-03 20:36:37,340 - INFO - [ 41%] Rendering chapter 1 of 3…
2026-07-03 20:36:37,346 - INFO - [ 68%] Rendering chapter 2 of 3…
2026-07-03 20:36:37,350 - INFO - [ 95%] Rendering chapter 3 of 3…
2026-07-03 20:36:37,352 - INFO - [ 96%] Assembling PDF…
2026-07-03 20:36:37,408 - INFO - [100%] Done
2026-07-03 20:36:37,408 - INFO - PDF written: C:\Users\Adrian PG\AppData\Local\Temp\pytest-of-Adrian PG\pytest-173\test_epub_to_pdf_produces_vali0\out.pdf
2026-07-03 20:36:37,431 - INFO - [  0%] Validating…
2026-07-03 20:36:37,433 - INFO - [  3%] Opening PDF…
2026-07-03 20:36:37,451 - INFO - [ 90%] Converting page 1 of 1…
2026-07-03 20:36:37,451 - INFO - [ 92%] Writing EPUB…
2026-07-03 20:36:37,455 - INFO - [100%] Done
2026-07-03 20:36:37,455 - INFO - EPUB written: C:\Users\Adrian PG\AppData\Local\Temp\pytest-of-Adrian PG\pytest-173\test_pdf_to_epub_produces_vali0\out.epub
2026-07-03 20:36:37,493 - INFO - [  0%] Validating…
2026-07-03 20:36:37,494 - INFO - [  3%] Opening EPUB…
2026-07-03 20:36:37,507 - INFO - [  6%] Extracting images…
2026-07-03 20:36:37,513 - INFO - [ 55%] Rendering chapter 1 of 2…
2026-07-03 20:36:37,542 - INFO - [ 95%] Rendering chapter 2 of 2…
2026-07-03 20:36:37,544 - INFO - [ 96%] Assembling PDF…
2026-07-03 20:36:37,590 - INFO - [100%] Done
2026-07-03 20:36:37,590 - INFO - PDF written: C:\Users\Adrian PG\AppData\Local\Temp\pytest-of-Adrian PG\pytest-173\test_epub_to_pdf_handles_overs0\big.pdf
2026-07-03 20:36:37,611 - INFO - [  0%] Validating…
2026-07-03 20:36:37,613 - INFO - [  3%] Opening EPUB…
2026-07-03 20:36:37,616 - INFO - [  6%] Extracting images…
2026-07-03 20:36:37,622 - INFO - [ 41%] Rendering chapter 1 of 3…
2026-07-03 20:36:37,627 - INFO - [ 68%] Rendering chapter 2 of 3…
2026-07-03 20:36:37,631 - INFO - [ 95%] Rendering chapter 3 of 3…
2026-07-03 20:36:37,633 - INFO - [ 96%] Assembling PDF…
2026-07-03 20:36:37,687 - INFO - [100%] Done
2026-07-03 20:36:37,687 - INFO - PDF written: C:\Users\Adrian PG\AppData\Local\Temp\pytest-of-Adrian PG\pytest-173\test_round_trip_preserves_imag0\mid.pdf
2026-07-03 20:36:37,691 - INFO - [  0%] Validating…
2026-07-03 20:36:37,692 - INFO - [  3%] Opening PDF…
2026-07-03 20:36:37,704 - INFO - [ 22%] Converting page 1 of 5…
2026-07-03 20:36:37,707 - INFO - [ 39%] Converting page 2 of 5…
2026-07-03 20:36:37,709 - INFO - [ 56%] Converting page 3 of 5…
2026-07-03 20:36:37,711 - INFO - [ 73%] Converting page 4 of 5…
2026-07-03 20:36:37,712 - INFO - [ 90%] Converting page 5 of 5…
2026-07-03 20:36:37,712 - INFO - [ 92%] Writing EPUB…
2026-07-03 20:36:37,717 - INFO - [100%] Done
2026-07-03 20:36:37,717 - INFO - EPUB written: C:\Users\Adrian PG\AppData\Local\Temp\pytest-of-Adrian PG\pytest-173\test_round_trip_preserves_imag0\back.epub
2026-07-03 20:36:37,744 - INFO - [  0%] Validating…
2026-07-03 20:36:37,745 - INFO - [  3%] Opening PDF…
2026-07-03 20:36:37,760 - INFO - pdf_to_epub cancelled by user
2026-07-03 20:36:37,760 - INFO - [  0%] Cancelled
2026-07-03 20:36:37,767 - INFO - [  0%] Validating…
2026-07-03 20:36:37,770 - INFO - [  3%] Opening PDF…
2026-07-03 20:36:37,773 - ERROR - pdf_to_epub failed: Failed to open file 'C:\\Users\\Adrian PG\\AppData\\Local\\Temp\\pytest-of-Adrian PG\\pytest-173\\test_failure_leaves_no_partial0\\bogus.pdf'.
Traceback (most recent call last):
  File "C:\Users\Adrian PG\OneDrive\Desktop\general keep up\study application\.venv\Lib\site-packages\pymupdf\__init__.py", line 3009, in __init__
    doc = mupdf.fz_open_document(filename)
  File "C:\Users\Adrian PG\OneDrive\Desktop\general keep up\study application\.venv\Lib\site-packages\pymupdf\mupdf.py", line 50790, in fz_open_document
    return _mupdf.fz_open_document(filename)
           ~~~~~~~~~~~~~~~~~~~~~~~^^^^^^^^^^
pymupdf.mupdf.FzErrorFormat: code=7: no objects found

The above exception was the direct cause of the following exception:

Traceback (most recent call last):
  File "C:\Users\Adrian PG\OneDrive\Desktop\general keep up\study application\converter\converter.py", line 617, in pdf_to_epub
    ok = _pdf_to_epub_streaming(
        pdf_path, tmp_out, opts, work_dir, progress_callback, cancel_callback
    )
  File "C:\Users\Adrian PG\OneDrive\Desktop\general keep up\study application\converter\converter.py", line 661, in _pdf_to_epub_streaming
    doc = fitz.open(pdf_path)
  File "C:\Users\Adrian PG\OneDrive\Desktop\general keep up\study application\.venv\Lib\site-packages\pymupdf\__init__.py", line 3012, in __init__
    raise FileDataError(f'Failed to open file {filename!r}.') from e
pymupdf.FileDataError: Failed to open file 'C:\\Users\\Adrian PG\\AppData\\Local\\Temp\\pytest-of-Adrian PG\\pytest-173\\test_failure_leaves_no_partial0\\bogus.pdf'.
2026-07-03 20:44:24,255 - INFO - [  0%] Validating…
2026-07-03 20:44:24,256 - ERROR - Input file not found: C:\Users\Adrian PG\AppData\Local\Temp\pytest-of-Adrian PG\pytest-174\test_missing_input_returns_fal0\nope.epub
2026-07-03 20:44:24,256 - INFO - [  0%] Validating…
2026-07-03 20:44:24,256 - ERROR - Input file not found: C:\Users\Adrian PG\AppData\Local\Temp\pytest-of-Adrian PG\pytest-174\test_missing_input_returns_fal0\nope.pdf
2026-07-03 20:44:24,522 - INFO - [  0%] Validating…
2026-07-03 20:44:24,523 - ERROR - Expected a .epub file: C:\Users\Adrian PG\AppData\Local\Temp\pytest-of-Adrian PG\pytest-174\test_wrong_extension_returns_f0\sample.pdf
2026-07-03 20:44:24,523 - INFO - [  0%] Validating…
2026-07-03 20:44:24,523 - ERROR - Expected a .pdf file: C:\Users\Adrian PG\AppData\Local\Temp\pytest-of-Adrian PG\pytest-174\test_wrong_extension_returns_f0\sample.epub
2026-07-03 20:44:24,530 - INFO - [  0%] Validating…
2026-07-03 20:44:24,531 - ERROR - Input file is empty: C:\Users\Adrian PG\AppData\Local\Temp\pytest-of-Adrian PG\pytest-174\test_empty_input_returns_false0\empty.epub
2026-07-03 20:44:24,544 - INFO - [  0%] Validating…
2026-07-03 20:44:24,545 - ERROR - Output directory does not exist: C:\Users\Adrian PG\AppData\Local\Temp\pytest-of-Adrian PG\pytest-174\test_bad_output_dir_returns_fa0\does\not\exist
2026-07-03 20:44:24,566 - INFO - [  0%] Validating…
2026-07-03 20:44:24,567 - INFO - [  3%] Opening EPUB…
2026-07-03 20:44:24,586 - INFO - [  6%] Extracting images…
2026-07-03 20:44:24,830 - INFO - [ 41%] Rendering chapter 1 of 3…
2026-07-03 20:44:24,837 - INFO - [ 68%] Rendering chapter 2 of 3…
2026-07-03 20:44:24,842 - INFO - [ 95%] Rendering chapter 3 of 3…
2026-07-03 20:44:24,847 - INFO - [ 96%] Assembling PDF…
2026-07-03 20:44:24,913 - INFO - [100%] Done
2026-07-03 20:44:24,913 - INFO - PDF written: C:\Users\Adrian PG\AppData\Local\Temp\pytest-of-Adrian PG\pytest-174\test_epub_to_pdf_produces_vali0\out.pdf
2026-07-03 20:44:24,941 - INFO - [  0%] Validating…
2026-07-03 20:44:24,943 - INFO - [  3%] Opening PDF…
2026-07-03 20:44:24,962 - INFO - [ 90%] Converting page 1 of 1…
2026-07-03 20:44:24,963 - INFO - [ 92%] Writing EPUB…
2026-07-03 20:44:24,967 - INFO - [100%] Done
2026-07-03 20:44:24,967 - INFO - EPUB written: C:\Users\Adrian PG\AppData\Local\Temp\pytest-of-Adrian PG\pytest-174\test_pdf_to_epub_produces_vali0\out.epub
2026-07-03 20:44:25,007 - INFO - [  0%] Validating…
2026-07-03 20:44:25,009 - INFO - [  3%] Opening EPUB…
2026-07-03 20:44:25,024 - INFO - [  6%] Extracting images…
2026-07-03 20:44:25,033 - INFO - [ 55%] Rendering chapter 1 of 2…
2026-07-03 20:44:25,063 - INFO - [ 95%] Rendering chapter 2 of 2…
2026-07-03 20:44:25,066 - INFO - [ 96%] Assembling PDF…
2026-07-03 20:44:25,115 - INFO - [100%] Done
2026-07-03 20:44:25,115 - INFO - PDF written: C:\Users\Adrian PG\AppData\Local\Temp\pytest-of-Adrian PG\pytest-174\test_epub_to_pdf_handles_overs0\big.pdf
2026-07-03 20:44:25,140 - INFO - [  0%] Validating…
2026-07-03 20:44:25,142 - INFO - [  3%] Opening EPUB…
2026-07-03 20:44:25,159 - INFO - [  6%] Extracting images…
2026-07-03 20:44:25,167 - INFO - [ 41%] Rendering chapter 1 of 3…
2026-07-03 20:44:25,175 - INFO - [ 68%] Rendering chapter 2 of 3…
2026-07-03 20:44:25,179 - INFO - [ 95%] Rendering chapter 3 of 3…
2026-07-03 20:44:25,183 - INFO - [ 96%] Assembling PDF…
2026-07-03 20:44:25,241 - INFO - [100%] Done
2026-07-03 20:44:25,241 - INFO - PDF written: C:\Users\Adrian PG\AppData\Local\Temp\pytest-of-Adrian PG\pytest-174\test_round_trip_preserves_imag0\mid.pdf
2026-07-03 20:44:25,245 - INFO - [  0%] Validating…
2026-07-03 20:44:25,247 - INFO - [  3%] Opening PDF…
2026-07-03 20:44:25,260 - INFO - [ 22%] Converting page 1 of 5…
2026-07-03 20:44:25,262 - INFO - [ 39%] Converting page 2 of 5…
2026-07-03 20:44:25,263 - INFO - [ 56%] Converting page 3 of 5…
2026-07-03 20:44:25,266 - INFO - [ 73%] Converting page 4 of 5…
2026-07-03 20:44:25,267 - INFO - [ 90%] Converting page 5 of 5…
2026-07-03 20:44:25,268 - INFO - [ 92%] Writing EPUB…
2026-07-03 20:44:25,273 - INFO - [100%] Done
2026-07-03 20:44:25,273 - INFO - EPUB written: C:\Users\Adrian PG\AppData\Local\Temp\pytest-of-Adrian PG\pytest-174\test_round_trip_preserves_imag0\back.epub
2026-07-03 20:44:25,301 - INFO - [  0%] Validating…
2026-07-03 20:44:25,303 - INFO - [  3%] Opening PDF…
2026-07-03 20:44:25,315 - INFO - pdf_to_epub cancelled by user
2026-07-03 20:44:25,315 - INFO - [  0%] Cancelled
2026-07-03 20:44:25,323 - INFO - [  0%] Validating…
2026-07-03 20:44:25,325 - INFO - [  3%] Opening PDF…
2026-07-03 20:44:25,329 - ERROR - pdf_to_epub failed: Failed to open file 'C:\\Users\\Adrian PG\\AppData\\Local\\Temp\\pytest-of-Adrian PG\\pytest-174\\test_failure_leaves_no_partial0\\bogus.pdf'.
Traceback (most recent call last):
  File "C:\Users\Adrian PG\OneDrive\Desktop\general keep up\study application\.venv\Lib\site-packages\pymupdf\__init__.py", line 3009, in __init__
    doc = mupdf.fz_open_document(filename)
  File "C:\Users\Adrian PG\OneDrive\Desktop\general keep up\study application\.venv\Lib\site-packages\pymupdf\mupdf.py", line 50790, in fz_open_document
    return _mupdf.fz_open_document(filename)
           ~~~~~~~~~~~~~~~~~~~~~~~^^^^^^^^^^
pymupdf.mupdf.FzErrorFormat: code=7: no objects found

The above exception was the direct cause of the following exception:

Traceback (most recent call last):
  File "C:\Users\Adrian PG\OneDrive\Desktop\general keep up\study application\converter\converter.py", line 617, in pdf_to_epub
    ok = _pdf_to_epub_streaming(
        pdf_path, tmp_out, opts, work_dir, progress_callback, cancel_callback
    )
  File "C:\Users\Adrian PG\OneDrive\Desktop\general keep up\study application\converter\converter.py", line 661, in _pdf_to_epub_streaming
    doc = fitz.open(pdf_path)
  File "C:\Users\Adrian PG\OneDrive\Desktop\general keep up\study application\.venv\Lib\site-packages\pymupdf\__init__.py", line 3012, in __init__
    raise FileDataError(f'Failed to open file {filename!r}.') from e
pymupdf.FileDataError: Failed to open file 'C:\\Users\\Adrian PG\\AppData\\Local\\Temp\\pytest-of-Adrian PG\\pytest-174\\test_failure_leaves_no_partial0\\bogus.pdf'.
2026-07-03 20:52:47,488 - INFO - [  0%] Validating…
2026-07-03 20:52:47,488 - ERROR - Input file not found: C:\Users\Adrian PG\AppData\Local\Temp\pytest-of-Adrian PG\pytest-177\test_missing_input_returns_fal0\nope.epub
2026-07-03 20:52:47,488 - INFO - [  0%] Validating…
2026-07-03 20:52:47,489 - ERROR - Input file not found: C:\Users\Adrian PG\AppData\Local\Temp\pytest-of-Adrian PG\pytest-177\test_missing_input_returns_fal0\nope.pdf
2026-07-03 20:52:47,714 - INFO - [  0%] Validating…
2026-07-03 20:52:47,714 - ERROR - Expected a .epub file: C:\Users\Adrian PG\AppData\Local\Temp\pytest-of-Adrian PG\pytest-177\test_wrong_extension_returns_f0\sample.pdf
2026-07-03 20:52:47,714 - INFO - [  0%] Validating…
2026-07-03 20:52:47,715 - ERROR - Expected a .pdf file: C:\Users\Adrian PG\AppData\Local\Temp\pytest-of-Adrian PG\pytest-177\test_wrong_extension_returns_f0\sample.epub
2026-07-03 20:52:47,722 - INFO - [  0%] Validating…
2026-07-03 20:52:47,723 - ERROR - Input file is empty: C:\Users\Adrian PG\AppData\Local\Temp\pytest-of-Adrian PG\pytest-177\test_empty_input_returns_false0\empty.epub
2026-07-03 20:52:47,733 - INFO - [  0%] Validating…
2026-07-03 20:52:47,734 - ERROR - Output directory does not exist: C:\Users\Adrian PG\AppData\Local\Temp\pytest-of-Adrian PG\pytest-177\test_bad_output_dir_returns_fa0\does\not\exist
2026-07-03 20:52:47,744 - INFO - [  0%] Validating…
2026-07-03 20:52:47,746 - INFO - [  3%] Opening EPUB…
2026-07-03 20:52:47,764 - INFO - [  6%] Extracting images…
2026-07-03 20:52:47,997 - INFO - [ 41%] Rendering chapter 1 of 3…
2026-07-03 20:52:48,008 - INFO - [ 68%] Rendering chapter 2 of 3…
2026-07-03 20:52:48,014 - INFO - [ 95%] Rendering chapter 3 of 3…
2026-07-03 20:52:48,017 - INFO - [ 96%] Assembling PDF…
2026-07-03 20:52:48,072 - INFO - [100%] Done
2026-07-03 20:52:48,072 - INFO - PDF written: C:\Users\Adrian PG\AppData\Local\Temp\pytest-of-Adrian PG\pytest-177\test_epub_to_pdf_produces_vali0\out.pdf
2026-07-03 20:52:48,096 - INFO - [  0%] Validating…
2026-07-03 20:52:48,097 - INFO - [  3%] Opening PDF…
2026-07-03 20:52:48,114 - INFO - [ 90%] Converting page 1 of 1…
2026-07-03 20:52:48,114 - INFO - [ 92%] Writing EPUB…
2026-07-03 20:52:48,117 - INFO - [100%] Done
2026-07-03 20:52:48,118 - INFO - EPUB written: C:\Users\Adrian PG\AppData\Local\Temp\pytest-of-Adrian PG\pytest-177\test_pdf_to_epub_produces_vali0\out.epub
2026-07-03 20:52:48,154 - INFO - [  0%] Validating…
2026-07-03 20:52:48,156 - INFO - [  3%] Opening EPUB…
2026-07-03 20:52:48,168 - INFO - [  6%] Extracting images…
2026-07-03 20:52:48,175 - INFO - [ 55%] Rendering chapter 1 of 2…
2026-07-03 20:52:48,203 - INFO - [ 95%] Rendering chapter 2 of 2…
2026-07-03 20:52:48,206 - INFO - [ 96%] Assembling PDF…
2026-07-03 20:52:48,248 - INFO - [100%] Done
2026-07-03 20:52:48,248 - INFO - PDF written: C:\Users\Adrian PG\AppData\Local\Temp\pytest-of-Adrian PG\pytest-177\test_epub_to_pdf_handles_overs0\big.pdf
2026-07-03 20:52:48,269 - INFO - [  0%] Validating…
2026-07-03 20:52:48,271 - INFO - [  3%] Opening EPUB…
2026-07-03 20:52:48,284 - INFO - [  6%] Extracting images…
2026-07-03 20:52:48,292 - INFO - [ 41%] Rendering chapter 1 of 3…
2026-07-03 20:52:48,297 - INFO - [ 68%] Rendering chapter 2 of 3…
2026-07-03 20:52:48,300 - INFO - [ 95%] Rendering chapter 3 of 3…
2026-07-03 20:52:48,302 - INFO - [ 96%] Assembling PDF…
2026-07-03 20:52:48,356 - INFO - [100%] Done
2026-07-03 20:52:48,357 - INFO - PDF written: C:\Users\Adrian PG\AppData\Local\Temp\pytest-of-Adrian PG\pytest-177\test_round_trip_preserves_imag0\mid.pdf
2026-07-03 20:52:48,360 - INFO - [  0%] Validating…
2026-07-03 20:52:48,362 - INFO - [  3%] Opening PDF…
2026-07-03 20:52:48,373 - INFO - [ 22%] Converting page 1 of 5…
2026-07-03 20:52:48,375 - INFO - [ 39%] Converting page 2 of 5…
2026-07-03 20:52:48,377 - INFO - [ 56%] Converting page 3 of 5…
2026-07-03 20:52:48,379 - INFO - [ 73%] Converting page 4 of 5…
2026-07-03 20:52:48,380 - INFO - [ 90%] Converting page 5 of 5…
2026-07-03 20:52:48,380 - INFO - [ 92%] Writing EPUB…
2026-07-03 20:52:48,386 - INFO - [100%] Done
2026-07-03 20:52:48,386 - INFO - EPUB written: C:\Users\Adrian PG\AppData\Local\Temp\pytest-of-Adrian PG\pytest-177\test_round_trip_preserves_imag0\back.epub
2026-07-03 20:52:48,411 - INFO - [  0%] Validating…
2026-07-03 20:52:48,412 - INFO - [  3%] Opening PDF…
2026-07-03 20:52:48,422 - INFO - pdf_to_epub cancelled by user
2026-07-03 20:52:48,422 - INFO - [  0%] Cancelled
2026-07-03 20:52:48,429 - INFO - [  0%] Validating…
2026-07-03 20:52:48,431 - INFO - [  3%] Opening PDF…
2026-07-03 20:52:48,433 - ERROR - pdf_to_epub failed: Failed to open file 'C:\\Users\\Adrian PG\\AppData\\Local\\Temp\\pytest-of-Adrian PG\\pytest-177\\test_failure_leaves_no_partial0\\bogus.pdf'.
Traceback (most recent call last):
  File "C:\Users\Adrian PG\OneDrive\Desktop\general keep up\study application\.venv\Lib\site-packages\pymupdf\__init__.py", line 3009, in __init__
    doc = mupdf.fz_open_document(filename)
  File "C:\Users\Adrian PG\OneDrive\Desktop\general keep up\study application\.venv\Lib\site-packages\pymupdf\mupdf.py", line 50790, in fz_open_document
    return _mupdf.fz_open_document(filename)
           ~~~~~~~~~~~~~~~~~~~~~~~^^^^^^^^^^
pymupdf.mupdf.FzErrorFormat: code=7: no objects found

The above exception was the direct cause of the following exception:

Traceback (most recent call last):
  File "C:\Users\Adrian PG\OneDrive\Desktop\general keep up\study application\converter\converter.py", line 617, in pdf_to_epub
    ok = _pdf_to_epub_streaming(
        pdf_path, tmp_out, opts, work_dir, progress_callback, cancel_callback
    )
  File "C:\Users\Adrian PG\OneDrive\Desktop\general keep up\study application\converter\converter.py", line 661, in _pdf_to_epub_streaming
    doc = fitz.open(pdf_path)
  File "C:\Users\Adrian PG\OneDrive\Desktop\general keep up\study application\.venv\Lib\site-packages\pymupdf\__init__.py", line 3012, in __init__
    raise FileDataError(f'Failed to open file {filename!r}.') from e
pymupdf.FileDataError: Failed to open file 'C:\\Users\\Adrian PG\\AppData\\Local\\Temp\\pytest-of-Adrian PG\\pytest-177\\test_failure_leaves_no_partial0\\bogus.pdf'.
2026-07-03 21:04:35,456 - INFO - [  0%] Validating…
2026-07-03 21:04:35,456 - ERROR - Input file not found: C:\Users\Adrian PG\AppData\Local\Temp\pytest-of-Adrian PG\pytest-179\test_missing_input_returns_fal0\nope.epub
2026-07-03 21:04:35,456 - INFO - [  0%] Validating…
2026-07-03 21:04:35,456 - ERROR - Input file not found: C:\Users\Adrian PG\AppData\Local\Temp\pytest-of-Adrian PG\pytest-179\test_missing_input_returns_fal0\nope.pdf
2026-07-03 21:04:35,685 - INFO - [  0%] Validating…
2026-07-03 21:04:35,685 - ERROR - Expected a .epub file: C:\Users\Adrian PG\AppData\Local\Temp\pytest-of-Adrian PG\pytest-179\test_wrong_extension_returns_f0\sample.pdf
2026-07-03 21:04:35,685 - INFO - [  0%] Validating…
2026-07-03 21:04:35,686 - ERROR - Expected a .pdf file: C:\Users\Adrian PG\AppData\Local\Temp\pytest-of-Adrian PG\pytest-179\test_wrong_extension_returns_f0\sample.epub
2026-07-03 21:04:35,692 - INFO - [  0%] Validating…
2026-07-03 21:04:35,692 - ERROR - Input file is empty: C:\Users\Adrian PG\AppData\Local\Temp\pytest-of-Adrian PG\pytest-179\test_empty_input_returns_false0\empty.epub
2026-07-03 21:04:35,701 - INFO - [  0%] Validating…
2026-07-03 21:04:35,702 - ERROR - Output directory does not exist: C:\Users\Adrian PG\AppData\Local\Temp\pytest-of-Adrian PG\pytest-179\test_bad_output_dir_returns_fa0\does\not\exist
2026-07-03 21:04:35,710 - INFO - [  0%] Validating…
2026-07-03 21:04:35,712 - INFO - [  3%] Opening EPUB…
2026-07-03 21:04:35,729 - INFO - [  6%] Extracting images…
2026-07-03 21:04:35,965 - INFO - [ 41%] Rendering chapter 1 of 3…
2026-07-03 21:04:35,973 - INFO - [ 68%] Rendering chapter 2 of 3…
2026-07-03 21:04:35,977 - INFO - [ 95%] Rendering chapter 3 of 3…
2026-07-03 21:04:35,980 - INFO - [ 96%] Assembling PDF…
2026-07-03 21:04:36,040 - INFO - [100%] Done
2026-07-03 21:04:36,040 - INFO - PDF written: C:\Users\Adrian PG\AppData\Local\Temp\pytest-of-Adrian PG\pytest-179\test_epub_to_pdf_produces_vali0\out.pdf
2026-07-03 21:04:36,065 - INFO - [  0%] Validating…
2026-07-03 21:04:36,066 - INFO - [  3%] Opening PDF…
2026-07-03 21:04:36,085 - INFO - [ 90%] Converting page 1 of 1…
2026-07-03 21:04:36,085 - INFO - [ 92%] Writing EPUB…
2026-07-03 21:04:36,089 - INFO - [100%] Done
2026-07-03 21:04:36,089 - INFO - EPUB written: C:\Users\Adrian PG\AppData\Local\Temp\pytest-of-Adrian PG\pytest-179\test_pdf_to_epub_produces_vali0\out.epub
2026-07-03 21:04:36,124 - INFO - [  0%] Validating…
2026-07-03 21:04:36,126 - INFO - [  3%] Opening EPUB…
2026-07-03 21:04:36,139 - INFO - [  6%] Extracting images…
2026-07-03 21:04:36,146 - INFO - [ 55%] Rendering chapter 1 of 2…
2026-07-03 21:04:36,176 - INFO - [ 95%] Rendering chapter 2 of 2…
2026-07-03 21:04:36,178 - INFO - [ 96%] Assembling PDF…
2026-07-03 21:04:36,224 - INFO - [100%] Done
2026-07-03 21:04:36,224 - INFO - PDF written: C:\Users\Adrian PG\AppData\Local\Temp\pytest-of-Adrian PG\pytest-179\test_epub_to_pdf_handles_overs0\big.pdf
2026-07-03 21:04:36,245 - INFO - [  0%] Validating…
2026-07-03 21:04:36,247 - INFO - [  3%] Opening EPUB…
2026-07-03 21:04:36,262 - INFO - [  6%] Extracting images…
2026-07-03 21:04:36,271 - INFO - [ 41%] Rendering chapter 1 of 3…
2026-07-03 21:04:36,278 - INFO - [ 68%] Rendering chapter 2 of 3…
2026-07-03 21:04:36,283 - INFO - [ 95%] Rendering chapter 3 of 3…
2026-07-03 21:04:36,287 - INFO - [ 96%] Assembling PDF…
2026-07-03 21:04:36,349 - INFO - [100%] Done
2026-07-03 21:04:36,349 - INFO - PDF written: C:\Users\Adrian PG\AppData\Local\Temp\pytest-of-Adrian PG\pytest-179\test_round_trip_preserves_imag0\mid.pdf
2026-07-03 21:04:36,353 - INFO - [  0%] Validating…
2026-07-03 21:04:36,354 - INFO - [  3%] Opening PDF…
2026-07-03 21:04:36,372 - INFO - [ 22%] Converting page 1 of 5…
2026-07-03 21:04:36,374 - INFO - [ 39%] Converting page 2 of 5…
2026-07-03 21:04:36,376 - INFO - [ 56%] Converting page 3 of 5…
2026-07-03 21:04:36,378 - INFO - [ 73%] Converting page 4 of 5…
2026-07-03 21:04:36,380 - INFO - [ 90%] Converting page 5 of 5…
2026-07-03 21:04:36,380 - INFO - [ 92%] Writing EPUB…
2026-07-03 21:04:36,386 - INFO - [100%] Done
2026-07-03 21:04:36,386 - INFO - EPUB written: C:\Users\Adrian PG\AppData\Local\Temp\pytest-of-Adrian PG\pytest-179\test_round_trip_preserves_imag0\back.epub
2026-07-03 21:04:36,420 - INFO - [  0%] Validating…
2026-07-03 21:04:36,421 - INFO - [  3%] Opening PDF…
2026-07-03 21:04:36,433 - INFO - pdf_to_epub cancelled by user
2026-07-03 21:04:36,434 - INFO - [  0%] Cancelled
2026-07-03 21:04:36,444 - INFO - [  0%] Validating…
2026-07-03 21:04:36,445 - INFO - [  3%] Opening PDF…
2026-07-03 21:04:36,449 - ERROR - pdf_to_epub failed: Failed to open file 'C:\\Users\\Adrian PG\\AppData\\Local\\Temp\\pytest-of-Adrian PG\\pytest-179\\test_failure_leaves_no_partial0\\bogus.pdf'.
Traceback (most recent call last):
  File "C:\Users\Adrian PG\OneDrive\Desktop\general keep up\study application\.venv\Lib\site-packages\pymupdf\__init__.py", line 3009, in __init__
    doc = mupdf.fz_open_document(filename)
  File "C:\Users\Adrian PG\OneDrive\Desktop\general keep up\study application\.venv\Lib\site-packages\pymupdf\mupdf.py", line 50790, in fz_open_document
    return _mupdf.fz_open_document(filename)
           ~~~~~~~~~~~~~~~~~~~~~~~^^^^^^^^^^
pymupdf.mupdf.FzErrorFormat: code=7: no objects found

The above exception was the direct cause of the following exception:

Traceback (most recent call last):
  File "C:\Users\Adrian PG\OneDrive\Desktop\general keep up\study application\converter\converter.py", line 617, in pdf_to_epub
    ok = _pdf_to_epub_streaming(
        pdf_path, tmp_out, opts, work_dir, progress_callback, cancel_callback
    )
  File "C:\Users\Adrian PG\OneDrive\Desktop\general keep up\study application\converter\converter.py", line 661, in _pdf_to_epub_streaming
    doc = fitz.open(pdf_path)
  File "C:\Users\Adrian PG\OneDrive\Desktop\general keep up\study application\.venv\Lib\site-packages\pymupdf\__init__.py", line 3012, in __init__
    raise FileDataError(f'Failed to open file {filename!r}.') from e
pymupdf.FileDataError: Failed to open file 'C:\\Users\\Adrian PG\\AppData\\Local\\Temp\\pytest-of-Adrian PG\\pytest-179\\test_failure_leaves_no_partial0\\bogus.pdf'.
2026-07-04 04:05:35,416 - INFO - [  0%] Validating…
2026-07-04 04:05:35,417 - ERROR - Input file not found: C:\Users\Adrian PG\AppData\Local\Temp\pytest-of-Adrian PG\pytest-180\test_missing_input_returns_fal0\nope.epub
2026-07-04 04:05:35,417 - INFO - [  0%] Validating…
2026-07-04 04:05:35,417 - ERROR - Input file not found: C:\Users\Adrian PG\AppData\Local\Temp\pytest-of-Adrian PG\pytest-180\test_missing_input_returns_fal0\nope.pdf
2026-07-04 04:05:35,805 - INFO - [  0%] Validating…
2026-07-04 04:05:35,805 - ERROR - Expected a .epub file: C:\Users\Adrian PG\AppData\Local\Temp\pytest-of-Adrian PG\pytest-180\test_wrong_extension_returns_f0\sample.pdf
2026-07-04 04:05:35,805 - INFO - [  0%] Validating…
2026-07-04 04:05:35,805 - ERROR - Expected a .pdf file: C:\Users\Adrian PG\AppData\Local\Temp\pytest-of-Adrian PG\pytest-180\test_wrong_extension_returns_f0\sample.epub
2026-07-04 04:05:35,811 - INFO - [  0%] Validating…
2026-07-04 04:05:35,812 - ERROR - Input file is empty: C:\Users\Adrian PG\AppData\Local\Temp\pytest-of-Adrian PG\pytest-180\test_empty_input_returns_false0\empty.epub
2026-07-04 04:05:35,821 - INFO - [  0%] Validating…
2026-07-04 04:05:35,822 - ERROR - Output directory does not exist: C:\Users\Adrian PG\AppData\Local\Temp\pytest-of-Adrian PG\pytest-180\test_bad_output_dir_returns_fa0\does\not\exist
2026-07-04 04:05:35,830 - INFO - [  0%] Validating…
2026-07-04 04:05:35,832 - INFO - [  3%] Opening EPUB…
2026-07-04 04:05:35,852 - INFO - [  6%] Extracting images…
2026-07-04 04:05:36,185 - INFO - [ 41%] Rendering chapter 1 of 3…
2026-07-04 04:05:36,191 - INFO - [ 68%] Rendering chapter 2 of 3…
2026-07-04 04:05:36,194 - INFO - [ 95%] Rendering chapter 3 of 3…
2026-07-04 04:05:36,197 - INFO - [ 96%] Assembling PDF…
2026-07-04 04:05:36,272 - INFO - [100%] Done
2026-07-04 04:05:36,272 - INFO - PDF written: C:\Users\Adrian PG\AppData\Local\Temp\pytest-of-Adrian PG\pytest-180\test_epub_to_pdf_produces_vali0\out.pdf
2026-07-04 04:05:36,300 - INFO - [  0%] Validating…
2026-07-04 04:05:36,301 - INFO - [  3%] Opening PDF…
2026-07-04 04:05:36,329 - INFO - [ 90%] Converting page 1 of 1…
2026-07-04 04:05:36,330 - INFO - [ 92%] Writing EPUB…
2026-07-04 04:05:36,333 - INFO - [100%] Done
2026-07-04 04:05:36,333 - INFO - EPUB written: C:\Users\Adrian PG\AppData\Local\Temp\pytest-of-Adrian PG\pytest-180\test_pdf_to_epub_produces_vali0\out.epub
2026-07-04 04:05:36,377 - INFO - [  0%] Validating…
2026-07-04 04:05:36,378 - INFO - [  3%] Opening EPUB…
2026-07-04 04:05:36,396 - INFO - [  6%] Extracting images…
2026-07-04 04:05:36,404 - INFO - [ 55%] Rendering chapter 1 of 2…
2026-07-04 04:05:36,437 - INFO - [ 95%] Rendering chapter 2 of 2…
2026-07-04 04:05:36,440 - INFO - [ 96%] Assembling PDF…
2026-07-04 04:05:36,493 - INFO - [100%] Done
2026-07-04 04:05:36,494 - INFO - PDF written: C:\Users\Adrian PG\AppData\Local\Temp\pytest-of-Adrian PG\pytest-180\test_epub_to_pdf_handles_overs0\big.pdf
2026-07-04 04:05:36,518 - INFO - [  0%] Validating…
2026-07-04 04:05:36,519 - INFO - [  3%] Opening EPUB…
2026-07-04 04:05:36,535 - INFO - [  6%] Extracting images…
2026-07-04 04:05:36,543 - INFO - [ 41%] Rendering chapter 1 of 3…
2026-07-04 04:05:36,550 - INFO - [ 68%] Rendering chapter 2 of 3…
2026-07-04 04:05:36,554 - INFO - [ 95%] Rendering chapter 3 of 3…
2026-07-04 04:05:36,557 - INFO - [ 96%] Assembling PDF…
2026-07-04 04:05:36,638 - INFO - [100%] Done
2026-07-04 04:05:36,638 - INFO - PDF written: C:\Users\Adrian PG\AppData\Local\Temp\pytest-of-Adrian PG\pytest-180\test_round_trip_preserves_imag0\mid.pdf
2026-07-04 04:05:36,644 - INFO - [  0%] Validating…
2026-07-04 04:05:36,646 - INFO - [  3%] Opening PDF…
2026-07-04 04:05:36,665 - INFO - [ 22%] Converting page 1 of 5…
2026-07-04 04:05:36,667 - INFO - [ 39%] Converting page 2 of 5…
2026-07-04 04:05:36,669 - INFO - [ 56%] Converting page 3 of 5…
2026-07-04 04:05:36,678 - INFO - [ 73%] Converting page 4 of 5…
2026-07-04 04:05:36,681 - INFO - [ 90%] Converting page 5 of 5…
2026-07-04 04:05:36,682 - INFO - [ 92%] Writing EPUB…
2026-07-04 04:05:36,688 - INFO - [100%] Done
2026-07-04 04:05:36,688 - INFO - EPUB written: C:\Users\Adrian PG\AppData\Local\Temp\pytest-of-Adrian PG\pytest-180\test_round_trip_preserves_imag0\back.epub
2026-07-04 04:05:36,728 - INFO - [  0%] Validating…
2026-07-04 04:05:36,730 - INFO - [  3%] Opening PDF…
2026-07-04 04:05:36,745 - INFO - pdf_to_epub cancelled by user
2026-07-04 04:05:36,745 - INFO - [  0%] Cancelled
2026-07-04 04:05:36,754 - INFO - [  0%] Validating…
2026-07-04 04:05:36,756 - INFO - [  3%] Opening PDF…
2026-07-04 04:05:36,779 - ERROR - pdf_to_epub failed: Failed to open file 'C:\\Users\\Adrian PG\\AppData\\Local\\Temp\\pytest-of-Adrian PG\\pytest-180\\test_failure_leaves_no_partial0\\bogus.pdf'.
Traceback (most recent call last):
  File "C:\Users\Adrian PG\OneDrive\Desktop\general keep up\study application\.venv\Lib\site-packages\pymupdf\__init__.py", line 3009, in __init__
    doc = mupdf.fz_open_document(filename)
  File "C:\Users\Adrian PG\OneDrive\Desktop\general keep up\study application\.venv\Lib\site-packages\pymupdf\mupdf.py", line 50790, in fz_open_document
    return _mupdf.fz_open_document(filename)
           ~~~~~~~~~~~~~~~~~~~~~~~^^^^^^^^^^
pymupdf.mupdf.FzErrorFormat: code=7: no objects found

The above exception was the direct cause of the following exception:

Traceback (most recent call last):
  File "C:\Users\Adrian PG\OneDrive\Desktop\general keep up\study application\converter\converter.py", line 617, in pdf_to_epub
    ok = _pdf_to_epub_streaming(
        pdf_path, tmp_out, opts, work_dir, progress_callback, cancel_callback
    )
  File "C:\Users\Adrian PG\OneDrive\Desktop\general keep up\study application\converter\converter.py", line 661, in _pdf_to_epub_streaming
    doc = fitz.open(pdf_path)
  File "C:\Users\Adrian PG\OneDrive\Desktop\general keep up\study application\.venv\Lib\site-packages\pymupdf\__init__.py", line 3012, in __init__
    raise FileDataError(f'Failed to open file {filename!r}.') from e
pymupdf.FileDataError: Failed to open file 'C:\\Users\\Adrian PG\\AppData\\Local\\Temp\\pytest-of-Adrian PG\\pytest-180\\test_failure_leaves_no_partial0\\bogus.pdf'.
2026-07-04 04:19:50,130 - INFO - [  0%] Validating…
2026-07-04 04:19:50,131 - ERROR - Input file not found: C:\Users\Adrian PG\AppData\Local\Temp\pytest-of-Adrian PG\pytest-182\test_missing_input_returns_fal0\nope.epub
2026-07-04 04:19:50,132 - INFO - [  0%] Validating…
2026-07-04 04:19:50,132 - ERROR - Input file not found: C:\Users\Adrian PG\AppData\Local\Temp\pytest-of-Adrian PG\pytest-182\test_missing_input_returns_fal0\nope.pdf
2026-07-04 04:19:50,541 - INFO - [  0%] Validating…
2026-07-04 04:19:50,541 - ERROR - Expected a .epub file: C:\Users\Adrian PG\AppData\Local\Temp\pytest-of-Adrian PG\pytest-182\test_wrong_extension_returns_f0\sample.pdf
2026-07-04 04:19:50,541 - INFO - [  0%] Validating…
2026-07-04 04:19:50,542 - ERROR - Expected a .pdf file: C:\Users\Adrian PG\AppData\Local\Temp\pytest-of-Adrian PG\pytest-182\test_wrong_extension_returns_f0\sample.epub
2026-07-04 04:19:50,547 - INFO - [  0%] Validating…
2026-07-04 04:19:50,548 - ERROR - Input file is empty: C:\Users\Adrian PG\AppData\Local\Temp\pytest-of-Adrian PG\pytest-182\test_empty_input_returns_false0\empty.epub
2026-07-04 04:19:50,558 - INFO - [  0%] Validating…
2026-07-04 04:19:50,559 - ERROR - Output directory does not exist: C:\Users\Adrian PG\AppData\Local\Temp\pytest-of-Adrian PG\pytest-182\test_bad_output_dir_returns_fa0\does\not\exist
2026-07-04 04:19:50,569 - INFO - [  0%] Validating…
2026-07-04 04:19:50,570 - INFO - [  3%] Opening EPUB…
2026-07-04 04:19:50,590 - INFO - [  6%] Extracting images…
2026-07-04 04:19:50,901 - INFO - [ 41%] Rendering chapter 1 of 3…
2026-07-04 04:19:50,908 - INFO - [ 68%] Rendering chapter 2 of 3…
2026-07-04 04:19:50,911 - INFO - [ 95%] Rendering chapter 3 of 3…
2026-07-04 04:19:50,914 - INFO - [ 96%] Assembling PDF…
2026-07-04 04:19:50,980 - INFO - [100%] Done
2026-07-04 04:19:50,980 - INFO - PDF written: C:\Users\Adrian PG\AppData\Local\Temp\pytest-of-Adrian PG\pytest-182\test_epub_to_pdf_produces_vali0\out.pdf
2026-07-04 04:19:51,010 - INFO - [  0%] Validating…
2026-07-04 04:19:51,012 - INFO - [  3%] Opening PDF…
2026-07-04 04:19:51,036 - INFO - [ 90%] Converting page 1 of 1…
2026-07-04 04:19:51,036 - INFO - [ 92%] Writing EPUB…
2026-07-04 04:19:51,040 - INFO - [100%] Done
2026-07-04 04:19:51,040 - INFO - EPUB written: C:\Users\Adrian PG\AppData\Local\Temp\pytest-of-Adrian PG\pytest-182\test_pdf_to_epub_produces_vali0\out.epub
2026-07-04 04:19:51,084 - INFO - [  0%] Validating…
2026-07-04 04:19:51,085 - INFO - [  3%] Opening EPUB…
2026-07-04 04:19:51,102 - INFO - [  6%] Extracting images…
2026-07-04 04:19:51,110 - INFO - [ 55%] Rendering chapter 1 of 2…
2026-07-04 04:19:51,146 - INFO - [ 95%] Rendering chapter 2 of 2…
2026-07-04 04:19:51,148 - INFO - [ 96%] Assembling PDF…
2026-07-04 04:19:51,202 - INFO - [100%] Done
2026-07-04 04:19:51,202 - INFO - PDF written: C:\Users\Adrian PG\AppData\Local\Temp\pytest-of-Adrian PG\pytest-182\test_epub_to_pdf_handles_overs0\big.pdf
2026-07-04 04:19:51,227 - INFO - [  0%] Validating…
2026-07-04 04:19:51,229 - INFO - [  3%] Opening EPUB…
2026-07-04 04:19:51,243 - INFO - [  6%] Extracting images…
2026-07-04 04:19:51,253 - INFO - [ 41%] Rendering chapter 1 of 3…
2026-07-04 04:19:51,259 - INFO - [ 68%] Rendering chapter 2 of 3…
2026-07-04 04:19:51,262 - INFO - [ 95%] Rendering chapter 3 of 3…
2026-07-04 04:19:51,264 - INFO - [ 96%] Assembling PDF…
2026-07-04 04:19:51,329 - INFO - [100%] Done
2026-07-04 04:19:51,330 - INFO - PDF written: C:\Users\Adrian PG\AppData\Local\Temp\pytest-of-Adrian PG\pytest-182\test_round_trip_preserves_imag0\mid.pdf
2026-07-04 04:19:51,333 - INFO - [  0%] Validating…
2026-07-04 04:19:51,335 - INFO - [  3%] Opening PDF…
2026-07-04 04:19:51,353 - INFO - [ 22%] Converting page 1 of 5…
2026-07-04 04:19:51,356 - INFO - [ 39%] Converting page 2 of 5…
2026-07-04 04:19:51,358 - INFO - [ 56%] Converting page 3 of 5…
2026-07-04 04:19:51,364 - INFO - [ 73%] Converting page 4 of 5…
2026-07-04 04:19:51,367 - INFO - [ 90%] Converting page 5 of 5…
2026-07-04 04:19:51,367 - INFO - [ 92%] Writing EPUB…
2026-07-04 04:19:51,373 - INFO - [100%] Done
2026-07-04 04:19:51,373 - INFO - EPUB written: C:\Users\Adrian PG\AppData\Local\Temp\pytest-of-Adrian PG\pytest-182\test_round_trip_preserves_imag0\back.epub
2026-07-04 04:19:51,408 - INFO - [  0%] Validating…
2026-07-04 04:19:51,410 - INFO - [  3%] Opening PDF…
2026-07-04 04:19:51,421 - INFO - pdf_to_epub cancelled by user
2026-07-04 04:19:51,421 - INFO - [  0%] Cancelled
2026-07-04 04:19:51,431 - INFO - [  0%] Validating…
2026-07-04 04:19:51,433 - INFO - [  3%] Opening PDF…
2026-07-04 04:19:51,439 - ERROR - pdf_to_epub failed: Failed to open file 'C:\\Users\\Adrian PG\\AppData\\Local\\Temp\\pytest-of-Adrian PG\\pytest-182\\test_failure_leaves_no_partial0\\bogus.pdf'.
Traceback (most recent call last):
  File "C:\Users\Adrian PG\OneDrive\Desktop\general keep up\study application\.venv\Lib\site-packages\pymupdf\__init__.py", line 3009, in __init__
    doc = mupdf.fz_open_document(filename)
  File "C:\Users\Adrian PG\OneDrive\Desktop\general keep up\study application\.venv\Lib\site-packages\pymupdf\mupdf.py", line 50790, in fz_open_document
    return _mupdf.fz_open_document(filename)
           ~~~~~~~~~~~~~~~~~~~~~~~^^^^^^^^^^
pymupdf.mupdf.FzErrorFormat: code=7: no objects found

The above exception was the direct cause of the following exception:

Traceback (most recent call last):
  File "C:\Users\Adrian PG\OneDrive\Desktop\general keep up\study application\converter\converter.py", line 617, in pdf_to_epub
    ok = _pdf_to_epub_streaming(
        pdf_path, tmp_out, opts, work_dir, progress_callback, cancel_callback
    )
  File "C:\Users\Adrian PG\OneDrive\Desktop\general keep up\study application\converter\converter.py", line 661, in _pdf_to_epub_streaming
    doc = fitz.open(pdf_path)
  File "C:\Users\Adrian PG\OneDrive\Desktop\general keep up\study application\.venv\Lib\site-packages\pymupdf\__init__.py", line 3012, in __init__
    raise FileDataError(f'Failed to open file {filename!r}.') from e
pymupdf.FileDataError: Failed to open file 'C:\\Users\\Adrian PG\\AppData\\Local\\Temp\\pytest-of-Adrian PG\\pytest-182\\test_failure_leaves_no_partial0\\bogus.pdf'.
